{
    "category": "Metadata",
    "changelog": "changelog\n",
    "description": "Plugin for Jellyfin that fetches anime themes (OPs and EDs) from animethemes.moe.\n**Since the AniDB ID is used to find the matching themes, you'll need to install the AniDB plugin.**\n",
    "guid": "086022b5-29fb-4f89-a298-3d595492a5ed",
    "name": "AnimeThemes",
    "overview": "Plugin for Jellyfin that fetches anime themes (OPs and EDs) from animethemes.moe",
    "owner": "EusthEnoptEron",
    "targetAbi": "10.10.0.0",
    "timestamp": "2025-04-05T08:27:47Z",
    "version": "1.2.2.0"
}