{
    "category": "Metadata",
    "changelog": "changelog\n",
    "description": "Experimental Plugin for Jellyfin that fetches anime themes (OPs and EDs) from animethemes.moe.\n**Since the AniDB ID is used to find the matching themes, you'll need to install the AniDB plugin.**\n",
    "guid": "086022b5-29fb-4f89-a298-3d595492a5ed",
    "name": "AnimeThemes",
    "overview": "Plugin for Jellyfin that fetches anime themes (OPs and EDs) from animethemes.moe",
    "owner": "EusthEnoptEron",
    "targetAbi": "10.8.4.0",
    "timestamp": "2023-07-27T22:12:07Z",
    "version": "1.0.0.0"
}