{
    "category": "General",
    "changelog": "- [658d314] add an option to the permission thing, but I'm not sure anyone will need this :)\n- [2400583] remove items that are not visible to the user (#29)\n- [27b2719] #19 only apply limit when no item returned or one type being searched\n- [3c92407] add description for the install-plugin folder\n- [b1a106a] Merge pull request #20 from jumoog/main\n- [37f4f09] Update README.md\n- [585afde] add a warning to the readme",
    "description": "This is a plugin that try to use Meilisearch to speedup the search of jellyfin. Inspired by Jellysearch\n",
    "guid": "974395db-b31d-46a2-bc86-ef9aa5ac04dd",
    "imageUrl": "https://raw.githubusercontent.com/meilisearch/meilisearch/refs/heads/main/assets/meilisearch-logo-dark.svg",
    "name": "Meilisearch",
    "overview": "A Meilisearch Plugin for Jellyfin",
    "owner": "a.sac.",
    "targetAbi": "10.9.0.0",
    "timestamp": "2025-06-06T16:46:29Z",
    "version": "1.11.0.0"
}