{
    "category": "General",
    "changelog": "- [7cc0ebe] mention envs\n- [ead316b] adjust Url check\n- [e1e34bd] cleanup\n- [cc33ba7] Update src/MeilisearchClientHolder.cs\n- [d9ce733] allow to configuration through container ENV",
    "description": "This is a plugin that try to use Meilisearch to speedup the search of jellyfin. Inspired by Jellysearch\n",
    "guid": "974395db-b31d-46a2-bc86-ef9aa5ac04dd",
    "imageUrl": "https://raw.githubusercontent.com/meilisearch/meilisearch/refs/heads/main/assets/meilisearch-logo-dark.svg",
    "name": "Meilisearch",
    "overview": "A Meilisearch Plugin for Jellyfin",
    "owner": "a.sac.",
    "targetAbi": "10.11.0.0",
    "timestamp": "2025-11-07T21:23:56Z",
    "version": "1.11.1.7"
}