{
    "category": "LiveTV",
    "changelog": "- Recording enhancements (#53) @emveepee",
    "description": "Provides access to live TV, program guide, and recordings from NextPVR.\n",
    "guid": "9574ac10-bf23-49bc-949f-924f23cfa48f",
    "imageUrl": "https://repo.jellyfin.org/releases/plugin/images/jellyfin-plugin-nextpvr.png",
    "name": "NextPVR",
    "overview": "Live TV plugin for NextPVR",
    "owner": "jellyfin",
    "targetAbi": "10.9.6.0",
    "timestamp": "2024-06-14T13:39:12Z",
    "version": "11.0.0.0"
}