{
    "category": "General",
    "changelog": "A few QOL improvements. |1- - Log fixes - Update progress of providers when user ticks the anime as watched via the UI - Fixed OVA detection with new anime detection update - Added default anime list save location",
    "description": "Synchronize anime watch status between Jellyfin and anime tracking sites.\n",
    "guid": "c78f11cf-93e6-4423-8c42-d2c255b70e47",
    "name": "Ani-Sync",
    "overview": "Synchronize anime watch status",
    "owner": "vosmiic",
    "targetAbi": "10.8.0.0",
    "timestamp": "2022-06-16T20:15:53Z",
    "version": "2.1.0.0"
}