{
    "category": "General",
    "changelog": "Pretty large changes so decided to call it version 2.0 |1- - Use outside sources to massively improve anime detection - please check your config for a new option to enable these features (this also comes with a new job in the scheduler). - Further improve anime detection by comparing the title to more synonyms (thanks Pecomare for this) - Fixed null error when anime could not be found. - Fixed anime movies not being correctly processed. - Fixed issues with servers using a non-default base URL.",
    "description": "Synchronize anime watch status between Jellyfin and anime tracking sites.\n",
    "guid": "c78f11cf-93e6-4423-8c42-d2c255b70e47",
    "name": "Ani-Sync",
    "overview": "Synchronize anime watch status",
    "owner": "vosmiic",
    "targetAbi": "10.8.0.0",
    "timestamp": "2022-06-09T19:42:36Z",
    "version": "2.0.0.0"
}