{
    "category": "Metadata",
    "changelog": "- Batch requests to AnimeThemes API (#40) @EusthEnoptEron",
    "description": "Plugin for Jellyfin that fetches anime themes (OPs and EDs) from animethemes.moe.\n**Since the AniDB ID is used to find the matching themes, you'll need to install the AniDB plugin.**\n",
    "guid": "086022b5-29fb-4f89-a298-3d595492a5ed",
    "name": "AnimeThemes",
    "overview": "Plugin for Jellyfin that fetches anime themes (OPs and EDs) from animethemes.moe",
    "owner": "EusthEnoptEron",
    "targetAbi": "10.11.3.0",
    "timestamp": "2026-02-09T17:52:00Z",
    "version": "5.0.0.0"
}