{
    "category": "General",
    "changelog": "- Jellyfin 10.11 support (#250) @crobibero\n- Migrate analyzers and fix NPE (#245) @Shadowghost\n- Fix typo in trakt.html (#241) @maroessler",
    "description": "Record your watched media with Trakt.\n",
    "guid": "4fe3201e-d6ae-4f2e-8917-e12bda571281",
    "imageUrl": "https://repo.jellyfin.org/releases/plugin/images/jellyfin-plugin-trakt.png",
    "name": "Trakt",
    "overview": "Record your watched media with Trakt",
    "owner": "jellyfin",
    "targetAbi": "10.11.0.0",
    "timestamp": "2025-10-20T01:24:51Z",
    "version": "27.0.0.0"
}