{
    "category": "Metadata",
    "changelog": "Add cancellation tokens support\\n change html description to plain text description.\n",
    "description": "Adds metadata for anime tv and movies",
    "guid": "7edb2a28-5b8a-4fe8-ae11-d941315eb862",
    "imageUrl": "https://shikimori.one/assets/layouts/l-top_menu-v2/glyph.svg",
    "name": "Shikimori",
    "overview": "Metadata provider for Shikimori",
    "owner": "te9c",
    "targetAbi": "10.9.0",
    "timestamp": "2024-06-15T18:29:00Z",
    "version": "3.1.0.0"
}