{
    "category": "LiveTV",
    "changelog": "- Jellyfin 10.11 support (#100) @crobibero\n- Restore subtitles and multiple audio that got destroyed in commit db8cd9af238813a7b141ba826168fdaa22f1509e on Feb 18, 2018 (#68) @roman-vanicek\n- Further Release 10.9.x improvements (#92) @lomion0815\n- Readme: update build requirements (#93) @citronalco\n- Fixed link to TVHeadend image (#83) @lomion0815\n- Set correct dates for recordings (#84) @lomion0815\n- Changed HTSP field \"summary\" to correct name \"subtitle\". (#85) @lomion0815",
    "description": "Manage TVHeadend from Jellyfin",
    "guid": "3fd018e5-5e78-4e58-b280-a0c068febee0",
    "imageUrl": "https://repo.jellyfin.org/releases/plugin/images/jellyfin-plugin-tvheadend.png",
    "name": "TVHeadend",
    "overview": "Manage TVHeadend from Jellyfin",
    "owner": "jellyfin",
    "targetAbi": "10.11.0.0",
    "timestamp": "2025-10-20T01:30:26Z",
    "version": "13.0.0.0"
}