{
    "category": "General",
    "changelog": "- Added horizontal scrolling to all report pages (#85) @meister-eder\n\n### Bug Fixes ###\n- Use LastUpdated Time Instead of Current Time for missing Stop event (#87) @speatzle",
    "description": "Collect and show user play statistics",
    "guid": "5c534381-91a3-43cb-907a-35aa02eb9d2c",
    "imageUrl": "https://repo.jellyfin.org/releases/plugin/images/jellyfin-plugin-playbackreporting.png",
    "name": "Playback Reporting",
    "overview": "Collect and show user play statistics",
    "owner": "jellyfin",
    "targetAbi": "10.9.7.0",
    "timestamp": "2024-07-17T17:06:50Z",
    "version": "15.0.0.0"
}