{
    "category": "General",
    "changelog": "[\"Bump version to 0.1.6.0\",\"Added suppport for subtitle_language tags Handles subtitles included in files and external subtitles Based on #4\",\"Update README.md\",\"Update README.md\",\"Enhance README.md with emojis for improved readability and engagement\",\"Update build.yaml and manifest.json for release version 0.1.5.0\",\"bump version to 0.1.5.0\",\"updated workflow for changelog generation\",\"Changed ffmpeg handling, now supports Linux, Windows, MacOS and custom installs\"]",
    "description": "\"This plugin automatically scans the libraries and adds language tags to the media items.\\n The languages are extracted from the audio tracks. Media types covered are movies,\\n tv shows / series and collections.\"\n",
    "guid": "e6ee25c2-d12c-4382-a48c-66ee9c1c33cb",
    "name": "Language Tags",
    "overview": "This plugin automatically adds language tags to the media.",
    "owner": "TheXaman",
    "targetAbi": "10.10.0.0",
    "timestamp": "2025-04-05T17:22:59Z",
    "version": "0.1.6.0"
}