{
    "category": "Music",
    "changelog": "- Jellyfin 10.11 support (#27) @crobibero",
    "description": "Adds support for VGMdb to music libraries. Can provide both images and metadata for artists and albums.\n",
    "guid": "44616595-5798-47ad-8658-3c09f3030505",
    "name": "VGMdb",
    "overview": "Adds support for VGMdb to music libraries. Can provide both images and metadata for artists and albums.",
    "owner": "jellyfin",
    "targetAbi": "10.11.0.0",
    "timestamp": "2025-10-20T01:27:55Z",
    "version": "5.0.0.0"
}