{
    "category": "Metadata",
    "changelog": "### Bug Fixes ###\n- Set ContentRatings list to be nullable (#171) @scampower3",
    "description": "Get TV metadata from TheTvdb\n",
    "guid": "a677c0da-fac5-4cde-941a-7134223f14c8",
    "imageUrl": "https://repo.jellyfin.org/releases/plugin/images/jellyfin-plugin-tvdb.png",
    "name": "TheTVDB",
    "overview": "Get TV metadata from TheTvdb",
    "owner": "jellyfin",
    "targetAbi": "10.9.9.0",
    "timestamp": "2024-08-05T15:05:15Z",
    "version": "15.0.0.0"
}