{
    "category": "General",
    "changelog": "Update for 10.9 + dotnet8.0 and bugfix when null parent folder\n",
    "description": "This Jellyfin plugin allows you to specify filepath patterns to ignore when performing a library scan. It can for example ignore specific file extensions (like .m3u). The patterns can be specified on the plugin configuration page.\n",
    "guid": "277cd84e-44c3-45a1-8f3c-2537ddac0ccf",
    "imageUrl": "https://raw.githubusercontent.com/fdett/jellyfin-ignore/master/img/image.png",
    "name": "Jellyfin Ignore",
    "overview": "Specifiy filepath patterns to ignore on library scan",
    "owner": "fdett",
    "targetAbi": "10.9.0.0",
    "timestamp": "2024-07-07T13:39:29Z",
    "version": "0.5.0.0"
}