{
    "category": "MoviesAndShows",
    "changelog": "- Jellyfin 10.11 support (#51) @crobibero\n- Update README.md (#41) @lukasitaly",
    "description": "Select a flashy pre-roll from local storage to run before any video content. The video details are loaded from disk after a video is played from the library from the beginning of the video. A random video is selected, and all videos in the local directory are enabled by default. Specific videos can be enabled or disabled as necessary. After videos are loaded for the first time, additional videos found in the directory are not enabled by default.\n",
    "guid": "07d86795-01f2-4d22-b174-cdc6056c3e7c",
    "name": "Local Intros",
    "overview": "Display flashy intros before movies and other videos",
    "owner": "Jellyfin",
    "targetAbi": "10.11.0.0",
    "timestamp": "2025-10-20T01:28:50Z",
    "version": "4.0.0.0"
}