{
    "category": "General",
    "changelog": "- Jellyfin 10.11 support (#111) @crobibero",
    "description": "This plugin will track all media changes while Kodi clients are offline to decrease sync times.",
    "guid": "771e19d6-5385-4caf-b35c-28a0e865cf63",
    "imageUrl": "https://repo.jellyfin.org/releases/plugin/images/jellyfin-plugin-kodisyncqueue.png",
    "name": "Kodi Sync Queue",
    "overview": "Sync all media changes with Kodi clients",
    "owner": "jellyfin",
    "targetAbi": "10.11.0.0",
    "timestamp": "2025-10-20T01:27:17Z",
    "version": "15.0.0.0"
}