{
    "category": "Administration",
    "changelog": "- Jellyfin 10.11 support (#108) @crobibero",
    "description": "Collect and show user play statistics",
    "guid": "5c534381-91a3-43cb-907a-35aa02eb9d2c",
    "imageUrl": "https://repo.jellyfin.org/releases/plugin/images/jellyfin-plugin-playbackreporting.png",
    "name": "Playback Reporting",
    "overview": "Collect and show user play statistics",
    "owner": "jellyfin",
    "targetAbi": "10.11.0.0",
    "timestamp": "2025-10-20T01:28:39Z",
    "version": "17.0.0.0"
}