{
    "category": "General",
    "changelog": "Initial Release\n",
    "description": "Enable Cinema Mode with local trailers and pre-rolls.\n",
    "guid": "5fcefe1b-df1f-4596-ac57-f2f939c294c5",
    "imageUrl": "https://github.com/CherryFloors/jellyfin-plugin-cinemamode/raw/main/Jellyfin.Plugin.CinemaMode/Images/jellyfin-plugin-cinemamode.png",
    "name": "Cinema Mode",
    "overview": "Enable Cinema Mode with local trailers and pre-rolls.",
    "owner": "CherryFloors",
    "targetAbi": "10.9.0.0",
    "timestamp": "2024-05-19T14:59:05.278450",
    "version": "0.3.0.0"
}