{
    "category": "General",
    "changelog": " - Fixing issues around marking seasons/episodes as watched\n - Redirect user on successful auth\n - Shikimori support\n - Simkl support\n - Anime detection changes\n - Add NSFW param to API calls",
    "description": "Synchronize anime watch status between Jellyfin and anime tracking sites.\n",
    "guid": "c78f11cf-93e6-4423-8c42-d2c255b70e47",
    "name": "Ani-Sync",
    "overview": "Synchronize anime watch status",
    "owner": "vosmiic",
    "targetAbi": "10.8.0.0",
    "timestamp": "2024-01-17T00:49:39Z",
    "version": "3.0.0.0"
}