{
    "category": "General",
    "changelog": " - Fixing Anilist timeout issues\n - Frontend fixes\n - Fix episode offset issues\n - Update Jellyfin packages",
    "description": "Synchronize anime watch status between Jellyfin and anime tracking sites.\n",
    "guid": "c78f11cf-93e6-4423-8c42-d2c255b70e47",
    "name": "Ani-Sync",
    "overview": "Synchronize anime watch status",
    "owner": "vosmiic",
    "targetAbi": "10.9.9.0",
    "timestamp": "2024-08-08T19:56:04Z",
    "version": "3.4.0.0"
}