{
    "category": "Metadata",
    "changelog": "- Improved null handling for tvdb provider (#207) @systemcrash\n\n### New features and improvements ###\n- Added missing season type 'alttwo' (#200) @Kianda\n\n### Bug Fixes ###\n- Handle empty ParentIndexNumber (#209) @Shadowghost",
    "description": "Get TV metadata from TheTvdb\n",
    "guid": "a677c0da-fac5-4cde-941a-7134223f14c8",
    "imageUrl": "https://repo.jellyfin.org/releases/plugin/images/jellyfin-plugin-tvdb.png",
    "name": "TheTVDB",
    "overview": "Get TV metadata from TheTvdb",
    "owner": "jellyfin",
    "targetAbi": "10.10.6.0",
    "timestamp": "2025-02-25T03:41:03Z",
    "version": "19.0.0.0"
}