{
    "category": "Anime",
    "changelog": "Only compatible with **10.10.z**.\n\nSee the [release notes](https://github.com/ShokoAnime/Shokofin/releases/tag/v6.0.2) for more info.",
    "description": "A Jellyfin plugin to integrate [Jellyfin](https://jellyfin.org/docs/) with [Shoko Server](https://shokoanime.com/downloads/shoko-server/).\n## Read this before installing\n**This plugin requires that you have already set up and are using Shoko Server**, and that the files you intend to include in Jellyfin are **indexed** (and optionally managed) by Shoko Server. **Otherwise, the plugin won't be able to provide metadata for your files**, since there is no metadata to find for them.\n",
    "guid": "5216ccbf-d24a-4eb3-8a7e-7da4230b7052",
    "imageUrl": "https://raw.githubusercontent.com/ShokoAnime/Shokofin/metadata/banner.png",
    "name": "Shoko",
    "overview": "Manage your anime from Jellyfin using metadata from Shoko",
    "owner": "ShokoAnime",
    "targetAbi": "10.10.0.0",
    "timestamp": "2026-01-17T23:26:30Z",
    "version": "6.0.2.0"
}