{
    "category": "General",
    "changelog": "- [438b910] feat: enhance Meilisearch client with reconnect logic and health checks\n- [0a0ce10] chore: Bump MeiliSearch from 0.17.1 to 0.18.0 (#82)\n- [ad6a7e1] ci(deps): bump actions/download-artifact from 6.0.0 to 7.0.0 (#80)\n- [c90ce69] ci(deps): bump actions/upload-artifact from 5.0.0 to 6.0.0 (#81)\n- [6083528] ci(deps): bump actions/checkout from 6.0.0 to 6.0.1 (#78)\n- [8acd7de] ci(deps): bump actions/checkout from 5.0.1 to 6.0.0 (#75)\n- [e446305] ci(deps): bump actions/setup-dotnet from 5.0.0 to 5.0.1 (#76)\n- [d7ac2ea] ci(deps): bump actions/checkout from 5.0.0 to 5.0.1 (#74)\n- [e5a30dc] Update Jellyfin version in README",
    "description": "This is a plugin that try to use Meilisearch to speedup the search of jellyfin. Inspired by Jellysearch\n",
    "guid": "974395db-b31d-46a2-bc86-ef9aa5ac04dd",
    "imageUrl": "https://raw.githubusercontent.com/meilisearch/meilisearch/refs/heads/main/assets/meilisearch-logo-dark.svg",
    "name": "Meilisearch",
    "overview": "A Meilisearch Plugin for Jellyfin",
    "owner": "a.sac.",
    "targetAbi": "10.11.0.0",
    "timestamp": "2025-12-14T22:14:21Z",
    "version": "1.11.1.9"
}