{
    "category": "Metadata",
    "changelog": "### Bug Fixes ###\n- Increase robustness of retrieving tmdb id (again) (#194) @scampower3\n- Fix orphaned episodes deletion (#195) @scampower3\n- Queue refresh after adding child (#196) @scampower3",
    "description": "Get TV metadata from TheTvdb\n",
    "guid": "a677c0da-fac5-4cde-941a-7134223f14c8",
    "imageUrl": "https://repo.jellyfin.org/releases/plugin/images/jellyfin-plugin-tvdb.png",
    "name": "TheTVDB",
    "overview": "Get TV metadata from TheTvdb",
    "owner": "jellyfin",
    "targetAbi": "10.10.0.0",
    "timestamp": "2024-11-03T15:14:50Z",
    "version": "18.0.0.0"
}