{
    "category": "General",
    "changelog": "New\n  - Select which libraries to exclude from submitting listens (#41 @lyarenei)\n\nMaintenance\n  - Improvements to submit and resubmit process (#46 @Maxr1998)\n",
    "description": "A plugin to send your music listening activity on Jellyfin to ListenBrainz.\n",
    "guid": "59b20823-aafe-454c-a393-17427f518631",
    "name": "ListenBrainz",
    "overview": "Track your music habits with ListenBrainz.",
    "owner": "lyarenei",
    "targetAbi": "10.8.0.0",
    "timestamp": "2023-08-17T17:51:21Z",
    "version": "3.1.0.1"
}