{
    "category": "General",
    "changelog": "- [fba77fd] config: integrate SVG into HTML for offline usage\n- [7fc2730] add all links to the workaround\n- [4e5d862] allow to configuration through container ENV (#71)",
    "description": "This is a plugin that try to use Meilisearch to speedup the search of jellyfin. Inspired by Jellysearch\n",
    "guid": "974395db-b31d-46a2-bc86-ef9aa5ac04dd",
    "imageUrl": "https://raw.githubusercontent.com/meilisearch/meilisearch/refs/heads/main/assets/meilisearch-logo-dark.svg",
    "name": "Meilisearch",
    "overview": "A Meilisearch Plugin for Jellyfin",
    "owner": "a.sac.",
    "targetAbi": "10.11.0.0",
    "timestamp": "2025-11-09T20:58:58Z",
    "version": "1.11.1.8"
}