{
    "category": "Metadata",
    "changelog": "Fixed missing preview image when identifying with id.\\n Removed kind check when identifying with id.\n",
    "description": "Adds metadata for anime tv and movies",
    "guid": "7edb2a28-5b8a-4fe8-ae11-d941315eb862",
    "imageUrl": "https://shikimori.one/assets/layouts/l-top_menu-v2/glyph.svg",
    "name": "Shikimori",
    "overview": "Metadata provider for Shikimori",
    "owner": "te9c",
    "targetAbi": "10.9.0",
    "timestamp": "2024-06-17T17:03:23Z",
    "version": "3.3.0.0"
}