{
    "category": "General",
    "changelog": " - Fixed issue where special characters in provider auth password caused bad request.\n - Fixed issue where hitting into fatal addon issue caused the entire Jellyfin app to crash.",
    "description": "Synchronize anime watch status between Jellyfin and anime tracking sites.\n",
    "guid": "c78f11cf-93e6-4423-8c42-d2c255b70e47",
    "name": "Ani-Sync",
    "overview": "Synchronize anime watch status",
    "owner": "vosmiic",
    "targetAbi": "10.8.0.0",
    "timestamp": "2023-04-10T19:36:19Z",
    "version": "2.8.0.0"
}