{
    "category": "General",
    "changelog": "- [1bc36b1] this should fix the `unknown` status",
    "description": "This is a plugin that try to use Meilisearch to speedup the search of jellyfin. Inspired by Jellysearch\n",
    "guid": "974395db-b31d-46a2-bc86-ef9aa5ac04dd",
    "imageUrl": "https://raw.githubusercontent.com/meilisearch/meilisearch/refs/heads/main/assets/meilisearch-logo-dark.svg",
    "name": "Meilisearch",
    "overview": "A Meilisearch Plugin for Jellyfin",
    "owner": "a.sac.",
    "targetAbi": "10.9.0.0",
    "timestamp": "2024-12-15T00:01:24Z",
    "version": "1.10.1.0"
}