{
    "category": "Metadata",
    "changelog": "Maintenance:\n  - Rename `iTunes` to `Apple Music` in code\n  - Clean up web scraping implementation (should now be more reliable)\n  - Update dependencies\n",
    "description": "Apple Music artist and album images and metadata provider.\n",
    "guid": "eb5d7894-8eef-4b36-aa6f-5d124e828ce1",
    "image": "image.png",
    "name": "Apple Music",
    "overview": "Fetch images and metadata from Apple Music.",
    "owner": "lyarenei",
    "targetAbi": "10.10.0.0",
    "timestamp": "2025-08-23T07:02:58Z",
    "version": "3.0.4.9"
}