{
    "category": "General",
    "changelog": "Fix:\n  - Fetch metadata before evaluating strict mode in resubmit listens task\nNew:\n  - Sync playlists from ListenBrainz\n",
    "description": "A plugin to send your music listening activity on Jellyfin to ListenBrainz.\n",
    "guid": "59b20823-aafe-454c-a393-17427f518631",
    "name": "ListenBrainz",
    "overview": "Track your music habits with ListenBrainz.",
    "owner": "lyarenei",
    "targetAbi": "10.10.0.0",
    "timestamp": "2026-02-13T21:35:13Z",
    "version": "5.4.0.1"
}