{
    "category": "General",
    "changelog": " - Fixed currently airing shows not being updated\n - Fixed null reference error causing Jellyfin to crash when API authentication error occurs",
    "description": "Synchronize anime watch status between Jellyfin and anime tracking sites.\n",
    "guid": "c78f11cf-93e6-4423-8c42-d2c255b70e47",
    "name": "Ani-Sync",
    "overview": "Synchronize anime watch status",
    "owner": "vosmiic",
    "targetAbi": "10.8.0.0",
    "timestamp": "2022-04-18T11:51:51Z",
    "version": "1.6.0.0"
}