{
    "category": "General",
    "changelog": "[\"Bump version to 0.5.2.2\",\"fix: wrong variable check, addresses #32\",\"Update build.yaml and manifest.json for release version 0.5.2.1\",\"Bump version to 0.5.2.1\",\"fix: incorrect variable names\",\"Bump version to 0.5.2.0\",\"fix: made sure series processing uses the correct language data types (iso, name) where appropriate, fixes #31\",\"Merge pull request #30 from Rand0mB0y/patch-3\",\"Revise README for LanguageTags plugin details\",\"Updated the README to reflect the recent major changes\"]",
    "description": "\"This plugin automatically scans the libraries and adds language tags to the media items.\\n The languages are extracted from the audio tracks. Media types covered are movies,\\n tv shows / series and collections.\"\n",
    "guid": "e6ee25c2-d12c-4382-a48c-66ee9c1c33cb",
    "imageUrl": "https://raw.githubusercontent.com/TheXaman/jellyfin-plugin-languageTags/refs/heads/main/Images/logo.png",
    "name": "Language Tags",
    "overview": "This plugin automatically adds language tags to the media.",
    "owner": "TheXaman",
    "targetAbi": "10.11.0.0",
    "timestamp": "2026-01-07T11:01:46Z",
    "version": "0.5.2.2"
}