{
    "category": "General",
    "changelog": "- 10.10 fixes (#44) @crobibero\n\n### New features and improvements ###\n- Add more descriptive feed name (#25) @crobibero\n\n### Bug Fixes ###\n- fix: Support different query parameter names in search (#41) @rluetzner\n\n### Dependency updates ###\n- chore(deps): update dependency stylecop.analyzers to v1.2.0-beta.556 - autoclosed (#34) @renovate",
    "description": "Provides an OPDS feed for book browsing.\n",
    "guid": "f30880ae-3365-449e-b9e6-bf133c8401b0",
    "imageUrl": "https://repo.jellyfin.org/releases/plugin/images/jellyfin-plugin-opds.png",
    "name": "OPDS",
    "overview": "Provides an OPDS book feed",
    "owner": "jellyfin",
    "targetAbi": "10.10.0.0",
    "timestamp": "2024-10-26T18:10:14Z",
    "version": "6.0.0.0"
}