{
    "category": "General",
    "changelog": "Fix\n  - Various fixes for listens cache (#68 @lyarenei)\n  - Fix error propagation, so listen cache works as intended (#73 @lyarenei)\n",
    "description": "A plugin to send your music listening activity on Jellyfin to ListenBrainz.\n",
    "guid": "59b20823-aafe-454c-a393-17427f518631",
    "name": "ListenBrainz",
    "overview": "Track your music habits with ListenBrainz.",
    "owner": "lyarenei",
    "targetAbi": "10.8.0.0",
    "timestamp": "2024-01-30T09:37:26Z",
    "version": "3.3.2.0"
}