{
    "category": "Subtitles",
    "changelog": "- Jellyfin 10.11 support (#166) @crobibero\n- Fix disposing in OpenSubtitlesRequestHelper (#162) @MBR-0001\n- Better logging (#152) @MBR-0001\n- Fix loading message and save button (#149) @chiragkrishna",
    "description": "Download subtitles from the internet to use with your media files. (Requires configuration)",
    "guid": "4b9ed42f-5185-48b5-9803-6ff2989014c4",
    "imageUrl": "https://repo.jellyfin.org/releases/plugin/images/jellyfin-plugin-opensubtitles.png",
    "name": "Open Subtitles",
    "overview": "Download subtitles for your media",
    "owner": "jellyfin",
    "targetAbi": "10.11.0.0",
    "timestamp": "2025-10-20T01:25:43Z",
    "version": "21.0.0.0"
}