{
    "category": "General",
    "changelog": "- [ebb4d8b] refactor: streamline query parameter handling and add parsing utility\n- [327d8b3] search: look for multiple and multiple comma delimited",
    "description": "This is a plugin that try to use Meilisearch to speedup the search of jellyfin. Inspired by Jellysearch\n",
    "guid": "974395db-b31d-46a2-bc86-ef9aa5ac04dd",
    "imageUrl": "https://raw.githubusercontent.com/meilisearch/meilisearch/refs/heads/main/assets/meilisearch-logo-dark.svg",
    "name": "Meilisearch",
    "overview": "A Meilisearch Plugin for Jellyfin",
    "owner": "a.sac.",
    "targetAbi": "10.9.0.0",
    "timestamp": "2025-06-09T02:46:32Z",
    "version": "1.11.1.1"
}