{
    "category": "Metadata",
    "changelog": "- Fallback on empty ParentIndexNumber (#54) @Shadowghost\n- Should provide identifying info in its exception (#47) @michaelkrieger\n- Add basic handling for specials (#23) @Smith00101010",
    "description": "Get TV metadata from TVmaze\n",
    "guid": "a4a488d0-17a3-4919-8d82-7f3de4f6b209",
    "imageUrl": "https://repo.jellyfin.org/releases/plugin/images/jellyfin-plugin-tvmaze.png",
    "name": "TVmaze",
    "overview": "Get TV metadata from TVmaze",
    "owner": "jellyfin",
    "targetAbi": "10.10.6.0",
    "timestamp": "2025-02-25T03:40:35Z",
    "version": "12.0.0.0"
}