{
    "category": "General",
    "changelog": "- [6ddfea1] use the Authorization header if there is no userId",
    "description": "This is a plugin that try to use Meilisearch to speedup the search of jellyfin. Inspired by Jellysearch\n",
    "guid": "974395db-b31d-46a2-bc86-ef9aa5ac04dd",
    "imageUrl": "https://raw.githubusercontent.com/meilisearch/meilisearch/refs/heads/main/assets/meilisearch-logo-dark.svg",
    "name": "Meilisearch",
    "overview": "A Meilisearch Plugin for Jellyfin",
    "owner": "a.sac.",
    "targetAbi": "10.9.0.0",
    "timestamp": "2025-06-15T17:16:08Z",
    "version": "1.11.1.3"
}