{
    "category": "Metadata",
    "changelog": "NA\n",
    "description": "A plugin to provide metadata from Shoko Server for your locally organised anime library in Jellyfin.\n",
    "guid": "5216ccbf-d24a-4eb3-8a7e-7da4230b7052",
    "imageUrl": "https://raw.githubusercontent.com/ShokoAnime/Shokofin/master/LogoWide.png",
    "name": "Shoko",
    "overview": "Manage your anime from Jellyfin using metadata from Shoko",
    "owner": "shokoanime",
    "targetAbi": "10.8.0.0",
    "timestamp": "2022-07-02T10:17:43Z",
    "version": "2.0.1.0"
}