{
    "category": "General",
    "changelog": "- Fix: ChildCount When Viewing Folders in Directory (GetBrowse) (#128) @tfink419\n- Add rules, fix issues and cleanup (#96) @Shadowghost\n- Disable DirectStream for video playback (#124) @ACertainCoder",
    "description": "Adds DLNA capability to Jellyfin\n",
    "guid": "33eba9cd-7da1-4720-967f-dd7dae7b74a1",
    "imageUrl": "",
    "name": "DLNA",
    "overview": "DLNA Service",
    "owner": "jellyfin",
    "targetAbi": "10.10.6.0",
    "timestamp": "2025-03-12T19:16:10Z",
    "version": "7.0.0.0"
}