{
    "category": "General",
    "changelog": "A few QOL improvements. |1- - Added manual sync functionality - Fixed anime list pathing issues on Windows builds - Fixed a few bugs",
    "description": "Synchronize anime watch status between Jellyfin and anime tracking sites.\n",
    "guid": "c78f11cf-93e6-4423-8c42-d2c255b70e47",
    "name": "Ani-Sync",
    "overview": "Synchronize anime watch status",
    "owner": "vosmiic",
    "targetAbi": "10.8.0.0",
    "timestamp": "2022-07-21T19:34:19Z",
    "version": "2.2.0.0"
}