{
    "category": "LiveTV",
    "changelog": "- Jellyfin 10.11 support (#65) @crobibero\n- Fix unhandled TaskCancelledException for HTTPClient (#61) @prahal",
    "description": "Provides access to live TV, program guide, and recordings from NextPVR.\n",
    "guid": "9574ac10-bf23-49bc-949f-924f23cfa48f",
    "imageUrl": "https://repo.jellyfin.org/releases/plugin/images/jellyfin-plugin-nextpvr.png",
    "name": "NextPVR",
    "overview": "Live TV plugin for NextPVR",
    "owner": "jellyfin",
    "targetAbi": "10.11.0.0",
    "timestamp": "2025-10-20T01:26:49Z",
    "version": "12.0.0.0"
}