{
    "category": "Metadata",
    "changelog": "- Fix nullability for 10.10 (#116) @crobibero\n- Update opf and add ISBN (#108) @AshleyDeo\n- Add Comic Vine Person provider (#85) @Pithaya\n\n### New features and improvements ###\n- Add support for covers from .cbt, .cb7 and .cbr (#112) @oddstr13\n\n### Dependency updates ###\n- Update dependency Microsoft.NET.Test.Sdk to 17.11.1 (#106) @renovate\n- Update xunit-dotnet monorepo (#84) @renovate\n- Update dependency Microsoft.Extensions.Http to 8.0.1 - autoclosed (#115) @renovate",
    "description": "Supports several different metadata providers and options for organizing your collection.\n",
    "guid": "9c4e63f1-031b-4f25-988b-4f7d78a8b53e",
    "name": "Bookshelf",
    "overview": "Manage your books",
    "owner": "jellyfin",
    "targetAbi": "10.10.0.0",
    "timestamp": "2024-10-26T17:57:49Z",
    "version": "12.0.0.0"
}