{
    "category": "General",
    "changelog": "Add color coding to levels in log viewer Add full name in logs Add cleanup of old unplayed items\n",
    "description": "Keep your storage clean without hassle. Works with movies and series.\n",
    "guid": "607fee77-97eb-41fe-bf22-26844d99ffb0",
    "name": "Media Cleaner",
    "overview": "Delete played media after specified time",
    "owner": "shemanaev",
    "targetAbi": "10.8.11.0",
    "timestamp": "2024-02-25T09:06:53Z",
    "version": "2.12.0.0"
}