{
    "category": "General",
    "changelog": "### Bug Fixes ###\n- Implement a database upgrade system, properly migrate ItemId to Guid (#107) @Insprill",
    "description": "This plugin will track all media changes while Kodi clients are offline to decrease sync times.",
    "guid": "771e19d6-5385-4caf-b35c-28a0e865cf63",
    "imageUrl": "https://repo.jellyfin.org/releases/plugin/images/jellyfin-plugin-kodisyncqueue.png",
    "name": "Kodi Sync Queue",
    "overview": "Sync all media changes with Kodi clients",
    "owner": "jellyfin",
    "targetAbi": "10.10.5.0",
    "timestamp": "2025-02-05T20:18:00Z",
    "version": "14.0.0.0"
}