{
    "category": "General",
    "changelog": "Fix\n  - Issue with server crashing (#122 @lyarenei)\n\nIf you have installed previous version (5.1.1.3) and experiencing server crash, you will need to manually remove the plugin version and install this one.\n",
    "description": "A plugin to send your music listening activity on Jellyfin to ListenBrainz.\n",
    "guid": "59b20823-aafe-454c-a393-17427f518631",
    "name": "ListenBrainz",
    "overview": "Track your music habits with ListenBrainz.",
    "owner": "lyarenei",
    "targetAbi": "10.10.0.0",
    "timestamp": "2025-03-02T09:27:01Z",
    "version": "5.1.2.1"
}