{
    "category": "General",
    "changelog": "- [b76a120] Merge pull request #30 from jumoog/main\n- [2385bfb] Merge pull request #31 from jumoog/fix_filter\n- [7441860] Merge pull request #32 from jumoog/patch-1\n- [9e5f39b] Update MeiliSearch to 0.16.0\n- [cd25743] mutex modification orders matters\n- [e4ea4c6] search: handle includeItemTypes,excludeItemTypes and mediaTypes",
    "description": "This is a plugin that try to use Meilisearch to speedup the search of jellyfin. Inspired by Jellysearch\n",
    "guid": "974395db-b31d-46a2-bc86-ef9aa5ac04dd",
    "imageUrl": "https://raw.githubusercontent.com/meilisearch/meilisearch/refs/heads/main/assets/meilisearch-logo-dark.svg",
    "name": "Meilisearch",
    "overview": "A Meilisearch Plugin for Jellyfin",
    "owner": "a.sac.",
    "targetAbi": "10.9.0.0",
    "timestamp": "2025-06-08T05:33:43Z",
    "version": "1.11.1.0"
}