<?xml version="1.0"?>
<doc>
    <assembly>
        <name>Jellyfin.Plugin.Streamyfin</name>
    </assembly>
    <members>
        <member name="T:Jellyfin.Plugin.Streamyfin.Api.StreamyfinController">
            <summary>
            CollectionImportController.
            </summary>
        </member>
        <!-- Badly formed XML comment ignored for member "M:Jellyfin.Plugin.Streamyfin.Api.StreamyfinController.PostDeviceToken(Jellyfin.Plugin.Streamyfin.Storage.Models.DeviceToken)" -->
        <member name="M:Jellyfin.Plugin.Streamyfin.Api.StreamyfinController.DeleteDeviceToken(System.Nullable{System.Guid})">
            <summary>
            Delete expo push tokens for a specific device 
            </summary>
            <param name="deviceId"></param>
        </member>
        <member name="M:Jellyfin.Plugin.Streamyfin.Api.StreamyfinController.PostNotifications(System.Collections.Generic.List{Notification})">
            <summary>
            Forward notifications to expos push service using persisted device tokens
            </summary>
            <param name="notifications"></param>
            <returns></returns>
        </member>
        <member name="T:Jellyfin.Plugin.Streamyfin.Configuration.Notifications.NotificationConfiguration">
            <summary>
            Configuration for a notification
            </summary>
        </member>
        <member name="T:Jellyfin.Plugin.Streamyfin.Configuration.PluginConfiguration">
            <summary>
            Plugin configuration.
            </summary>
        </member>
        <member name="F:Jellyfin.Plugin.Streamyfin.Configuration.OrientationLock.Default">
            The default orientation. On iOS, this will allow all orientations except `Orientation.PORTRAIT_DOWN`.
            On Android, this lets the system decide the best orientation.
        </member>
        <member name="F:Jellyfin.Plugin.Streamyfin.Configuration.OrientationLock.PortraitUp">
            Right-side up portrait only.
        </member>
        <member name="F:Jellyfin.Plugin.Streamyfin.Configuration.OrientationLock.LandscapeLeft">
            Left landscape only.
        </member>
        <member name="F:Jellyfin.Plugin.Streamyfin.Configuration.OrientationLock.LandscapeRight">
            Right landscape only.
        </member>
        <member name="T:Jellyfin.Plugin.Streamyfin.Configuration.Settings.Lockable`1">
            <summary>
            Assign a lock to given type value 
            </summary>
            <typeparam name="T"></typeparam>
        </member>
        <member name="T:Jellyfin.Plugin.Streamyfin.Configuration.Settings.Settings">
            <summary>
            Streamyfin application settings
            </summary>
        </member>
        <member name="T:Jellyfin.Plugin.Streamyfin.LocalizationHelper">
            <summary>
            Serialization settings for json and yaml
            </summary>
        </member>
        <member name="M:Jellyfin.Plugin.Streamyfin.LocalizationHelper.GetString(System.String,System.Globalization.CultureInfo)">
            <summary>
            Get string resource or fallback to key to avoid nullable strings
            </summary>
            <param name="key"></param>
            <param name="cultureInfo"></param>
            <returns></returns>
        </member>
        <member name="M:Jellyfin.Plugin.Streamyfin.LocalizationHelper.GetFormatted(System.String,System.Globalization.CultureInfo,System.Object[])">
            <summary>
            Get a string resource that requires string formatting
            </summary>
            <param name="key"></param>
            <param name="cultureInfo"></param>
            <param name="args"></param>
            <returns></returns>
        </member>
        <member name="T:Jellyfin.Plugin.Streamyfin.StreamyfinPlugin">
            <summary>
            The main plugin.
            </summary>
        </member>
        <member name="M:Jellyfin.Plugin.Streamyfin.StreamyfinPlugin.#ctor(MediaBrowser.Common.Configuration.IApplicationPaths,MediaBrowser.Model.Serialization.IXmlSerializer)">
            <summary>
            Initializes a new instance of the <see cref="N:Jellyfin.Plugin"/> class.
            </summary>
            <param name="applicationPaths">Instance of the <see cref="T:MediaBrowser.Common.Configuration.IApplicationPaths"/> interface.</param>
            <param name="xmlSerializer">Instance of the <see cref="T:MediaBrowser.Model.Serialization.IXmlSerializer"/> interface.</param>
        </member>
        <member name="P:Jellyfin.Plugin.Streamyfin.StreamyfinPlugin.Name">
            <inheritdoc />
        </member>
        <member name="P:Jellyfin.Plugin.Streamyfin.StreamyfinPlugin.Id">
            <inheritdoc />
        </member>
        <member name="P:Jellyfin.Plugin.Streamyfin.StreamyfinPlugin.Instance">
            <summary>
            Gets the current plugin instance.
            </summary>
        </member>
        <member name="M:Jellyfin.Plugin.Streamyfin.StreamyfinPlugin.GetPages">
            <inheritdoc />
        </member>
        <member name="T:Jellyfin.Plugin.Streamyfin.PluginServiceRegistrator">
            <summary>
            Provides service registration for the plugin
            </summary>
        </member>
        <member name="M:Jellyfin.Plugin.Streamyfin.PluginServiceRegistrator.RegisterServices(Microsoft.Extensions.DependencyInjection.IServiceCollection,MediaBrowser.Controller.IServerApplicationHost)">
            <inheritdoc />
        </member>
        <member name="M:Jellyfin.Plugin.Streamyfin.PushNotifications.Events.BaseEvent.HasRecentlyProcessed(System.String)">
            <summary>
            Check if the event was recently processed before
            </summary>
            <param name="sessionKey"></param>
            <returns></returns>
        </member>
        <member name="M:Jellyfin.Plugin.Streamyfin.PushNotifications.Events.BaseEvent.CleanupOldEntries">
            <summary>
            Cleans up old session entries from the cache.
            </summary>
        </member>
        <member name="M:Jellyfin.Plugin.Streamyfin.PushNotifications.Events.BaseEvent.GetRecentEventThreshold">
            <summary>
            How long we want to wait until allowing an event with a matching sessionKey to be processed
            </summary>
            <returns>TimeSpan for how long to wait</returns>
        </member>
        <member name="M:Jellyfin.Plugin.Streamyfin.PushNotifications.Events.BaseEvent.GetCleanupThreshold">
            <summary>
            Maximum age we want events stored our recentEvents cache to be
            </summary>
            <returns>TimeSpan for how long to wait</returns>
        </member>
        <member name="M:Jellyfin.Plugin.Streamyfin.PushNotifications.Events.ItemAddedService.StartAsync(System.Threading.CancellationToken)">
            <inheritdoc />
        </member>
        <member name="M:Jellyfin.Plugin.Streamyfin.PushNotifications.Events.ItemAddedService.StopAsync(System.Threading.CancellationToken)">
            <inheritdoc />
        </member>
        <member name="T:Jellyfin.Plugin.Streamyfin.PushNotifications.Events.PlaybackStartEvent">
            <summary>
            Session start notifier.
            </summary>
        </member>
        <member name="M:Jellyfin.Plugin.Streamyfin.PushNotifications.Events.PlaybackStartEvent.#ctor(Microsoft.Extensions.Logging.ILoggerFactory,Jellyfin.Plugin.Streamyfin.LocalizationHelper,MediaBrowser.Controller.IServerApplicationHost,Jellyfin.Plugin.Streamyfin.PushNotifications.NotificationHelper)">
            <summary>
            Session start notifier.
            </summary>
        </member>
        <member name="M:Jellyfin.Plugin.Streamyfin.PushNotifications.Events.PlaybackStartEvent.OnEvent(MediaBrowser.Controller.Library.PlaybackStartEventArgs)">
            <inheritdoc />
        </member>
        <member name="M:Jellyfin.Plugin.Streamyfin.PushNotifications.Events.PlaybackStartEvent.GetRecentEventThreshold">
            <inheritdoc />
        </member>
        <member name="T:Jellyfin.Plugin.Streamyfin.PushNotifications.Events.SessionStartEvent">
            <summary>
            Session start notifier.
            </summary>
        </member>
        <member name="M:Jellyfin.Plugin.Streamyfin.PushNotifications.Events.SessionStartEvent.#ctor(Microsoft.Extensions.Logging.ILoggerFactory,Jellyfin.Plugin.Streamyfin.LocalizationHelper,MediaBrowser.Controller.IServerApplicationHost,Jellyfin.Plugin.Streamyfin.PushNotifications.NotificationHelper)">
            <summary>
            Session start notifier.
            </summary>
        </member>
        <member name="M:Jellyfin.Plugin.Streamyfin.PushNotifications.Events.SessionStartEvent.OnEvent(MediaBrowser.Controller.Events.Session.SessionStartedEventArgs)">
            <inheritdoc />
        </member>
        <member name="M:Jellyfin.Plugin.Streamyfin.PushNotifications.Events.SessionStartEvent.GetRecentEventThreshold">
            <inheritdoc />
        </member>
        <member name="T:Jellyfin.Plugin.Streamyfin.PushNotifications.Events.UserLockedOutEvent">
            <summary>
            Session start notifier.
            </summary>
        </member>
        <member name="M:Jellyfin.Plugin.Streamyfin.PushNotifications.Events.UserLockedOutEvent.#ctor(Microsoft.Extensions.Logging.ILoggerFactory,Jellyfin.Plugin.Streamyfin.LocalizationHelper,MediaBrowser.Controller.IServerApplicationHost,Jellyfin.Plugin.Streamyfin.PushNotifications.NotificationHelper)">
            <summary>
            Session start notifier.
            </summary>
        </member>
        <member name="M:Jellyfin.Plugin.Streamyfin.PushNotifications.Events.UserLockedOutEvent.OnEvent(Jellyfin.Data.Events.Users.UserLockedOutEventArgs)">
            <inheritdoc />
        </member>
        <member name="M:Jellyfin.Plugin.Streamyfin.PushNotifications.Events.UserLockedOutEvent.GetRecentEventThreshold">
            <inheritdoc />
        </member>
        <member name="T:Jellyfin.Plugin.Streamyfin.PushNotifications.models.ExpoNotificationRequest">
            <summary>
            Expos Push Message format
            see: https://exp.host/--/api/v2/push/send
            </summary>
        </member>
        <member name="P:Jellyfin.Plugin.Streamyfin.PushNotifications.models.ExpoNotificationRequest.To">
            <summary>
            An array of Expo push tokens specifying the recipient(s) of this message.
            </summary>
        </member>
        <member name="P:Jellyfin.Plugin.Streamyfin.PushNotifications.models.ExpoNotificationRequest.ContentAvailable">
            <summary>
            iOS Only
                When this is set to true,
                the notification will cause the iOS app to start in the background to run a background task.
                Your app needs to be configured to support this.
                https://docs.expo.dev/versions/latest/sdk/notifications/#background-notifications
                https://docs.expo.dev/versions/unversioned/sdk/notifications/#background-notification-configuration
            </summary>
        </member>
        <member name="P:Jellyfin.Plugin.Streamyfin.PushNotifications.models.ExpoNotificationRequest.Data">
            <summary>
            A JSON object delivered to your app. It may be up to about 4KiB;
            the total notification payload sent to Apple and Google must be at most 4KiB or else you will get a /
            "Message Too Big" error.
            </summary>
        </member>
        <member name="P:Jellyfin.Plugin.Streamyfin.PushNotifications.models.ExpoNotificationRequest.Title">
            <summary>
            The title to display in the notification. Often displayed above the notification body.
            Maps to AndroidNotification.title and aps.alert.title
            </summary>
        </member>
        <member name="P:Jellyfin.Plugin.Streamyfin.PushNotifications.models.ExpoNotificationRequest.Body">
            <summary>
            The message to display in the notification.
            Maps to AndroidNotification.body and aps.alert.body.
            </summary>
        </member>
        <member name="P:Jellyfin.Plugin.Streamyfin.PushNotifications.models.ExpoNotificationRequest.TimeToLive">
            <summary>
            The number of seconds for which the message may be kept around for redelivery if it hasn't been delivered yet.
            Defaults to null to use the respective defaults of each provider (1 month for Android/FCM as well as iOS/APNs).
            </summary>
        </member>
        <member name="P:Jellyfin.Plugin.Streamyfin.PushNotifications.models.ExpoNotificationRequest.Expiration">
            <summary>
            Timestamp since the Unix epoch specifying when the message expires.
            Same effect as ttl (ttl takes precedence over expiration).
            </summary>
        </member>
        <member name="P:Jellyfin.Plugin.Streamyfin.PushNotifications.models.ExpoNotificationRequest.Priority">
            <summary>
            'default' | 'normal' | 'high'
            The delivery priority of the message.
            Specify default or omit this field to use the default priority on each platform /
            ("normal" on Android and "high" on iOS).
            </summary>
        </member>
        <member name="P:Jellyfin.Plugin.Streamyfin.PushNotifications.models.ExpoNotificationRequest.Subtitle">
            <summary>
            iOS Only
            The subtitle to display in the notification below the title.
            Maps to aps.alert.subtitle.
            </summary>
        </member>
        <member name="P:Jellyfin.Plugin.Streamyfin.PushNotifications.models.ExpoNotificationRequest.Sound">
            <summary>
            iOS Only
            Play a sound when the recipient receives this notification.
            Specify default to play the device's default notification sound, or omit this field to play no sound.
            Custom sounds need to be configured via the config plugin and then specified including the file extension.
            Example: bells_sound.wav.
            </summary>
        </member>
        <member name="P:Jellyfin.Plugin.Streamyfin.PushNotifications.models.ExpoNotificationRequest.BadgeCount">
            <summary>
            iOS Only
            Number to display in the badge on the app icon.
            Specify zero to clear the badge.
            </summary>
        </member>
        <member name="P:Jellyfin.Plugin.Streamyfin.PushNotifications.models.ExpoNotificationRequest.InterruptionLevel">
            <summary>
            iOS Only
            The importance and delivery timing of a notification.
            The string values correspond to the UNNotificationInterruptionLevel enumeration cases.
            https://developer.apple.com/documentation/usernotifications/unnotificationinterruptionlevel
            </summary>
        </member>
        <member name="P:Jellyfin.Plugin.Streamyfin.PushNotifications.models.ExpoNotificationRequest.ChannelId">
            <summary>
            Android Only
            ID of the Notification Channel through which to display this notification.
            If an ID is specified but the corresponding channel does not exist on the device /
            (that has not yet been created by your app), the notification will not be displayed to the user.
            </summary>
        </member>
        <member name="P:Jellyfin.Plugin.Streamyfin.PushNotifications.models.ExpoNotificationRequest.CategoryId">
            <summary>
            ID of the notification category that this notification is associated with.
            Find out more about notification categories here.
            https://docs.expo.dev/versions/latest/sdk/notifications/#manage-notification-categories-interactive-notifications
            </summary>
        </member>
        <member name="P:Jellyfin.Plugin.Streamyfin.PushNotifications.models.ExpoNotificationRequest.MutableContent">
            <summary>
            Specifies whether this notification can be intercepted by the client app. Defaults to false.
            https://developer.apple.com/documentation/usernotifications/modifying_content_in_newly_delivered_notifications?language=objc
            </summary>
        </member>
        <member name="M:Jellyfin.Plugin.Streamyfin.PushNotifications.NotificationHelper.SendToAdmins(Notification[])">
            <summary>
            Ability to send a batch of notifications directly to jellyfin admins
            </summary>
            <param name="notification"></param>
            <returns></returns>
        </member>
        <member name="T:Jellyfin.Plugin.Streamyfin.SerializationHelper">
            <summary>
            Serialization settings for json and yaml
            </summary>
        </member>
        <member name="M:Jellyfin.Plugin.Streamyfin.SerializationHelper.GetJsonSchema``1">
            <summary>
            Generate schema to json
            </summary>
        </member>
        <member name="M:Jellyfin.Plugin.Streamyfin.SerializationHelper.SerializeToYaml``1(``0)">
            <summary>
            Serialize to Yaml with Streamyfin expected options
            </summary>
        </member>
        <member name="M:Jellyfin.Plugin.Streamyfin.SerializationHelper.SerializeToJson``1(``0)">
            <summary>
            Serialize to Json with Streamyfin expected using copied options
            </summary>
        </member>
        <member name="M:Jellyfin.Plugin.Streamyfin.SerializationHelper.ToJson``1(``0)">
            <summary>
            Serialize to Json with Streamyfin expected using copied options
            </summary>
        </member>
        <member name="M:Jellyfin.Plugin.Streamyfin.SerializationHelper.Deserialize``1(System.String)">
            <summary>
            Deserialize Json/Yaml
            </summary>
        </member>
        <member name="M:Jellyfin.Plugin.Streamyfin.Storage.Database.GetUserDeviceTokens(System.Guid)">
            <summary>
            Gets all the expo push tokens for the devices a user is currently signed in to
            </summary>
            <param name="userId">Jellyfin user id</param>
            <returns>List of DeviceToken</returns>
        </member>
        <member name="M:Jellyfin.Plugin.Streamyfin.Storage.Database.GetAllDeviceTokens">
            <summary>
            Gets all known device tokens
            </summary>
            <returns>List of DeviceToken</returns>
        </member>
        <member name="M:Jellyfin.Plugin.Streamyfin.Storage.Database.GetDeviceTokenForDeviceId(System.Guid)">
            <summary>
            Gets the specific expo push token for a device
            </summary>
            <param name="deviceId">Device id generated from streamyfin</param>
            <returns>DeviceToken?</returns>
        </member>
        <member name="M:Jellyfin.Plugin.Streamyfin.Storage.Database.AddDeviceToken(Jellyfin.Plugin.Streamyfin.Storage.Models.DeviceToken)">
            <summary>
            Adds a device token, unique to every deviceId.
            </summary>
            <param name="token"></param>
            <returns>DeviceToken</returns>
        </member>
        <member name="M:Jellyfin.Plugin.Streamyfin.Storage.Database.TotalDevicesCount">
            <summary>
            Get the total record count for DeviceTokensTable
            </summary>
            <returns>Total count for tokens</returns>
        </member>
        <member name="M:Jellyfin.Plugin.Streamyfin.Storage.Database.RemoveDeviceToken(System.Guid)">
            <summary>
            Removes a device token using the device id
            </summary>
            <param name="deviceId">Device id generated from streamyfin</param>
            <returns>DeviceToken</returns>
        </member>
        <member name="M:Jellyfin.Plugin.Streamyfin.Storage.Database.Purge">
            <summary>
            Clear up all tables
            </summary>
        </member>
        <member name="F:Jellyfin.Plugin.Streamyfin.Storage.Enums.TempStoreMode.Default">
            <summary>
            The compile-time C preprocessor macro SQLITE_TEMP_STORE
            is used to determine where temporary tables and indices are stored.
            </summary>
        </member>
        <member name="F:Jellyfin.Plugin.Streamyfin.Storage.Enums.TempStoreMode.File">
            <summary>
            Temporary tables and indices are stored in a file.
            </summary>
        </member>
        <member name="F:Jellyfin.Plugin.Streamyfin.Storage.Enums.TempStoreMode.Memory">
            <summary>
            Temporary tables and indices are kept in as if they were pure in-memory databases memory.
            </summary>
        </member>
        <member name="F:Jellyfin.Plugin.Streamyfin.Storage.Extensions._datetimeFormats">
            <summary>
            An array of ISO-8601 DateTime formats that we support parsing.
            </summary>
        </member>
        <member name="P:Notification.UserId">
            <summary>
            Specific Jellyfin UserId that you want to target with this notification.
            This will attempt to notify all streamyfin clients that are logged in under this user.
            </summary>
        </member>
        <member name="P:Notification.Username">
            <summary>
            Specific Jellyfin Username that you want to target with this notification.
            This will attempt to notify all streamyfin clients that are logged in under this username.
            </summary>
        </member>
        <member name="P:Notification.Title">
            <summary>
            The title to display in the notification. Often displayed above the notification body.
            Maps to AndroidNotification.title and aps.alert.title
            </summary>
        </member>
        <member name="P:Notification.Subtitle">
            <summary>
            iOS Only
            The subtitle to display in the notification below the title.
            Maps to aps.alert.subtitle.
            </summary>
        </member>
        <member name="P:Notification.Body">
            <summary>
            The message to display in the notification.
            Maps to AndroidNotification.body and aps.alert.body.
            </summary>
        </member>
        <member name="P:Notification.IsAdmin">
            <summary>
            Enforce that this notification is for Jellyfin admins only
            </summary>
        </member>
    </members>
</doc>
