{
    "category": "Metadata",
    "changelog": "NA",
    "description": "A plugin to provide metadata from Shoko Server for your locally organised anime library in Jellyfin.\n",
    "guid": "5216ccbf-d24a-4eb3-8a7e-7da4230b7052",
    "imageUrl": "https://raw.githubusercontent.com/ShokoAnime/Shokofin/master/LogoWide.png",
    "name": "Shoko",
    "overview": "Manage your anime from Jellyfin using metadata from Shoko",
    "owner": "shokoanime",
    "targetAbi": "10.7.0.0",
    "timestamp": "2021-10-18T17:23:28Z",
    "version": "1.6.1.0"
}