{
    "category": "General",
    "changelog": " - Updated plugin to support Jellyfin version 10.9\n - Fixed AniList related bugs\n - Fixed Shikimori related bugs\n - Fixed issue with library checks",
    "description": "Synchronize anime watch status between Jellyfin and anime tracking sites.\n",
    "guid": "c78f11cf-93e6-4423-8c42-d2c255b70e47",
    "name": "Ani-Sync",
    "overview": "Synchronize anime watch status",
    "owner": "vosmiic",
    "targetAbi": "10.9.0.0",
    "timestamp": "2024-05-13T21:09:49Z",
    "version": "3.2.0.0"
}