{
    "category": "Metadata",
    "changelog": "Transition to GraphQl shikimori's API Add high resoultion primary images\n",
    "description": "Adds metadata for anime tv and movies",
    "guid": "7edb2a28-5b8a-4fe8-ae11-d941315eb862",
    "imageUrl": "https://shikimori.one/assets/layouts/l-top_menu-v2/glyph.svg",
    "name": "Shikimori",
    "overview": "Metadata provider for Shikimori",
    "owner": "te9c",
    "targetAbi": "10.9.4",
    "timestamp": "2024-06-02T20:09:04Z",
    "version": "2.0.0.0"
}