{
    "category": "General",
    "changelog": "- [2fad775] docs: Setup/usage instructions, clarify, provide examples (#92)\n- [a3c4ca9] ci(deps): bump actions/checkout from 6.0.1 to 6.0.2 (#90)\n- [b3cafe1] feat: add default search types when none specified (#73)\n- [66dc487] ci(deps): Bump actions/setup-dotnet from 5.0.1 to 5.1.0 (#87)\n- [79de4f9] chore: add VSCode configuration files for extensions and settings\n- [907251d] refactor: remove workaround for URL constructor in Meilisearch plugin\n- [a8b531e] chore: update .gitignore to include .vs/ directory",
    "description": "This is a plugin that try to use Meilisearch to speedup the search of jellyfin. Inspired by Jellysearch\n",
    "guid": "974395db-b31d-46a2-bc86-ef9aa5ac04dd",
    "imageUrl": "https://raw.githubusercontent.com/meilisearch/meilisearch/refs/heads/main/assets/meilisearch-logo-dark.svg",
    "name": "Meilisearch",
    "overview": "A Meilisearch Plugin for Jellyfin",
    "owner": "a.sac.",
    "targetAbi": "10.11.0.0",
    "timestamp": "2026-01-30T18:39:21Z",
    "version": "1.11.1.10"
}