{
    "category": "General",
    "changelog": "Fix\n  - Incorrect timestamp and meta-data for repeated listens in cache (#113 @Maxr1998)\n",
    "description": "A plugin to send your music listening activity on Jellyfin to ListenBrainz.\n",
    "guid": "59b20823-aafe-454c-a393-17427f518631",
    "name": "ListenBrainz",
    "overview": "Track your music habits with ListenBrainz.",
    "owner": "lyarenei",
    "targetAbi": "10.10.0.0",
    "timestamp": "2024-12-08T22:27:39Z",
    "version": "5.0.2.0"
}