{
    "category": "General",
    "changelog": "Stable Pre-Roll support and exapanded configuration\n",
    "description": "Enable Cinema Mode with local trailers and pre-rolls.\n",
    "guid": "5fcefe1b-df1f-4596-ac57-f2f939c294c5",
    "imageUrl": "https://github.com/CherryFloors/jellyfin-plugin-cinemamode/raw/main/Jellyfin.Plugin.CinemaMode/Images/jellyfin-plugin-cinemamode.png",
    "name": "Cinema Mode",
    "overview": "Enable Cinema Mode with local trailers and pre-rolls.",
    "owner": "CherryFloors",
    "targetAbi": "10.9.0.0",
    "timestamp": "2024-08-01T21:42:16.152778",
    "version": "0.4.0.0"
}