{
    "category": "Administration",
    "changelog": "- Jellyfin 10.11 support (#98) @crobibero\n- fix: require admin privileges to access reports API (#95) @Theta-Dev\n\n### Code or Repo Maintenance ###\n- Fix Overlay Button Accessibility  (#91) @a-mnich",
    "description": "Generate reports of your media library",
    "guid": "d4312cd9-5c90-4f38-82e8-51da566790e8",
    "imageUrl": "https://repo.jellyfin.org/releases/plugin/images/jellyfin-plugin-reports.png",
    "name": "Reports",
    "overview": "Generate reports of your media library",
    "owner": "jellyfin",
    "targetAbi": "10.11.0.0",
    "timestamp": "2025-10-20T01:27:58Z",
    "version": "18.0.0.0"
}