{
    "category": "General",
    "changelog": "- fix: require admin privileges to access API (#104) @Theta-Dev\n- Fix GetLastSeenString method (#103) @Nathan5471\n- Fix database connection disposal on server shutdown (#98) @a-mnich\n- fix nullable warnings (#99) @a-mnich\n\n### Bug Fixes ###\n- Improve Timezone Handling and Fix End Date Picker (#101) @a-mnich",
    "description": "Collect and show user play statistics",
    "guid": "5c534381-91a3-43cb-907a-35aa02eb9d2c",
    "imageUrl": "https://repo.jellyfin.org/releases/plugin/images/jellyfin-plugin-playbackreporting.png",
    "name": "Playback Reporting",
    "overview": "Collect and show user play statistics",
    "owner": "jellyfin",
    "targetAbi": "10.10.7.0",
    "timestamp": "2025-04-13T20:52:51Z",
    "version": "16.0.0.0"
}