{
    "category": "Administration",
    "changelog": "- Jellyfin 10.11 support (#328) @crobibero\n- Fix the problem of html escape of \"Description\" in Chinese. (#320) @sqliu07\n\n### New features and improvements ###\n- Add json_encode helper mostly for {{{Overview}}} (#339) @mfedderly",
    "description": "Sends notifications to destinations via webhooks.\n",
    "guid": "71552a5a-5c5c-4350-a2ae-ebe451a30173",
    "imageUrl": "https://repo.jellyfin.org/releases/plugin/images/jellyfin-plugin-webhook.png",
    "name": "Webhook",
    "overview": "Sends notifications.",
    "owner": "jellyfin",
    "targetAbi": "10.11.0.0",
    "timestamp": "2025-10-20T01:41:35Z",
    "version": "18.0.0.0"
}