{
    "category": "Metadata",
    "changelog": "- fix: do not send a user-agent header to prevent the animethemes api from blocking us (#36) @EusthEnoptEron",
    "description": "Plugin for Jellyfin that fetches anime themes (OPs and EDs) from animethemes.moe.\n**Since the AniDB ID is used to find the matching themes, you'll need to install the AniDB plugin.**\n",
    "guid": "086022b5-29fb-4f89-a298-3d595492a5ed",
    "name": "AnimeThemes",
    "overview": "Plugin for Jellyfin that fetches anime themes (OPs and EDs) from animethemes.moe",
    "owner": "EusthEnoptEron",
    "targetAbi": "10.11.3.0",
    "timestamp": "2026-02-07T22:38:17Z",
    "version": "4.0.0.0"
}