{
    "category": "General",
    "changelog": "Fix\n  - Failing resubmit job (create cache file on first ever init) (#48 @lyarenei)\n  - Failing submissions due to different MBID separator ('/' instead of ';')\n",
    "description": "A plugin to send your music listening activity on Jellyfin to ListenBrainz.\n",
    "guid": "59b20823-aafe-454c-a393-17427f518631",
    "name": "ListenBrainz",
    "overview": "Track your music habits with ListenBrainz.",
    "owner": "lyarenei",
    "targetAbi": "10.8.0.0",
    "timestamp": "2023-10-03T18:47:25Z",
    "version": "3.1.1.0"
}