{
    "category": "General",
    "changelog": "Maintenance\n  - Compatibility for Jellyfin 10.11.0\n  - Use local recording MBIDs when available (fallback to MusicBrainz lookup if not)\n",
    "description": "A plugin to send your music listening activity on Jellyfin to ListenBrainz.\n",
    "guid": "59b20823-aafe-454c-a393-17427f518631",
    "name": "ListenBrainz",
    "overview": "Track your music habits with ListenBrainz.",
    "owner": "lyarenei",
    "targetAbi": "10.11.0.0",
    "timestamp": "2025-10-20T16:50:32Z",
    "version": "6.0.1.1"
}