{
    "category": "Administration",
    "changelog": "- Jellyfin 10.11 support (#7) @crobibero\n- Improve plugin description (#9) @dhlavaty",
    "description": "Kills transcodes above set resolutions to prevent server overload.",
    "guid": "a0444c3b-fe1c-4258-9e0f-a139fc093949",
    "name": "Transcode Killer",
    "overview": "Kills transcodes to prevent server overload.",
    "owner": "jellyfin",
    "targetAbi": "10.11.0.0",
    "timestamp": "2025-10-20T01:25:45Z",
    "version": "4.0.0.0"
}