{
    "category": "Subtitles",
    "changelog": "- Jellyfin 10.11 support (#49) @crobibero\n\n### Code or Repo Maintenance ###\n- Maintenance (#42) @Shadowghost",
    "description": "Extracts embedded subtitles.\n",
    "guid": "cd893c24-b59e-4060-87b2-184070e1bf68",
    "imageUrl": "https://repo.jellyfin.org/releases/plugin/images/jellyfin-plugin-subtitleextract.png",
    "name": "Subtitle Extract",
    "overview": "Extracts Subtitles.",
    "owner": "jellyfin",
    "targetAbi": "10.11.0.0",
    "timestamp": "2025-10-20T01:28:26Z",
    "version": "5.0.0.0"
}