{
    "category": "General",
    "changelog": "[\"Bump version to 0.1.7.0\",\"Update .gitignore to include publish directory\",\"Add LanguageData and LanguageInfo classes for ISO language code management\",\"Add functionality to remove all language tags and configure undefined language tag handling Fixes #9\",\"Fix for missing tags on content when missing individual episodes or seasons, closes #10\",\"Refactor library item retrieval methods to use OfType<T>() for improved type safety\",\"Update manifest.json to include image fix\",\"Update manifest.json\",\"added a logo to the readme and inside the jellyfin catalog and plugin page\",\"Update README.md to include new subtitle-based tagging\",\"Update build.yaml and manifest.json for release version 0.1.6.0\",\"Bump version to 0.1.6.0\",\"Added suppport for subtitle_language tags Handles subtitles included in files and external subtitles Based on #4\",\"Update README.md\",\"Update README.md\",\"Enhance README.md with emojis for improved readability and engagement\"]",
    "description": "\"This plugin automatically scans the libraries and adds language tags to the media items.\\n The languages are extracted from the audio tracks. Media types covered are movies,\\n tv shows / series and collections.\"\n",
    "guid": "e6ee25c2-d12c-4382-a48c-66ee9c1c33cb",
    "imageUrl": "https://raw.githubusercontent.com/TheXaman/jellyfin-plugin-languageTags/refs/heads/main/Images/logo.png",
    "name": "Language Tags",
    "overview": "This plugin automatically adds language tags to the media.",
    "owner": "TheXaman",
    "targetAbi": "10.10.0.0",
    "timestamp": "2025-08-30T18:37:09Z",
    "version": "0.1.7.0"
}