{
    "category": "Metadata",
    "changelog": "### Major features and improvements ###\n- Add Movie support (#164) @scampower3\n\n### New features and improvements ###\n- Add support for movie and season for check for metadata update task. Add additional configurations. (#169) @scampower3\n- Season support with extended season client (#165) @scampower3\n- Add Tvdb Collection Ids (#162) @scampower3\n\n### Bug Fixes ###\n- Fix movie remote id ProviderName  (#167) @scampower3\n- Skip Characters with person name is null / Handle null RemoteIds (#160) @scampower3\n- Add season url (#161) @scampower3\n- Add option to fallback to original language (#156) @scampower3\n\n### Dependency updates ###\n- Update dependency Tvdb.Sdk to v4.7.10 (#158) @renovate",
    "description": "Get TV metadata from TheTvdb\n",
    "guid": "a677c0da-fac5-4cde-941a-7134223f14c8",
    "imageUrl": "https://repo.jellyfin.org/releases/plugin/images/jellyfin-plugin-tvdb.png",
    "name": "TheTVDB",
    "overview": "Get TV metadata from TheTvdb",
    "owner": "jellyfin",
    "targetAbi": "10.9.9.0",
    "timestamp": "2024-08-05T13:22:09Z",
    "version": "14.0.0.0"
}