{
    "category": "General",
    "changelog": "- New exclude out of season tags for pre-rolls logic that supports multiple out of season tags.\\n - Fix trailer rating enforcement to ignore \"Unrated\" and blank ratings.\\n - Target Jellyfin 10.10 ABI.\\n\n",
    "description": "Enable Cinema Mode with local trailers and pre-rolls.\n",
    "guid": "5fcefe1b-df1f-4596-ac57-f2f939c294c5",
    "imageUrl": "https://github.com/CherryFloors/jellyfin-plugin-cinemamode/raw/main/Jellyfin.Plugin.CinemaMode/Images/jellyfin-plugin-cinemamode.png",
    "name": "Cinema Mode",
    "overview": "Enable Cinema Mode with local trailers and pre-rolls.",
    "owner": "CherryFloors",
    "targetAbi": "10.10.0.0",
    "timestamp": "2025-04-26T16:51:15.224959",
    "version": "0.5.1.0"
}