{
    "category": "MoviesAndShows",
    "changelog": "- Use file scoped namespaces and add analyzers (#72) @Shadowghost\n- Revert \"Update dependency Microsoft.Extensions.Http to v10\" (#73) @Shadowghost\n\n### Dependency updates ###\n- Update dependency Microsoft.Extensions.Http to 9.0.11 (#68) @[renovate[bot]](https://github.com/apps/renovate)\n- Update dependency Microsoft.Extensions.Http to v10 (#69) @[renovate[bot]](https://github.com/apps/renovate)",
    "description": "Scrape poster images for movies, shows, and artists in your library.",
    "guid": "170a157f-ac6c-437a-abdd-ca9c25cebd39",
    "imageUrl": "https://repo.jellyfin.org/releases/plugin/images/jellyfin-plugin-fanart.png",
    "name": "Fanart",
    "overview": "Scrape poster images from Fanart",
    "owner": "jellyfin",
    "targetAbi": "10.11.5.0",
    "timestamp": "2026-01-02T04:00:52Z",
    "version": "14.0.0.0"
}