{
    "category": "General",
    "changelog": " - Fixed test auth URL\n - Fixed AniList rewatches being marked as watching instead of rewatching\n - Updating Jellyfin packages which fixed a manual sync issue",
    "description": "Synchronize anime watch status between Jellyfin and anime tracking sites.\n",
    "guid": "c78f11cf-93e6-4423-8c42-d2c255b70e47",
    "name": "Ani-Sync",
    "overview": "Synchronize anime watch status",
    "owner": "vosmiic",
    "targetAbi": "10.10.3.0",
    "timestamp": "2024-11-21T20:17:48Z",
    "version": "3.7.0.0"
}