{
    "category": "General",
    "changelog": "Maintenance release:\n  - Plugin maintenance / code cleanup\n  - Fix duplication of items in plugin config\n",
    "description": "A plugin to send your music listening activity on Jellyfin to ListenBrainz.\n",
    "guid": "59b20823-aafe-454c-a393-17427f518631",
    "name": "ListenBrainz",
    "overview": "Track your music habits with ListenBrainz.",
    "owner": "lyarenei",
    "targetAbi": "10.11.0.0",
    "timestamp": "2026-01-31T11:01:30Z",
    "version": "6.0.3.7"
}