{
    "category": "General",
    "changelog": "- [05d4147] #17 ability to reconnect\n- [b4a48eb] add `type` to displayed attributes\n- [ccb77f4] #16 search multiple times when one query have more than one `includeItemTypes`",
    "description": "This is a plugin that try to use Meilisearch to speedup the search of jellyfin. Inspired by Jellysearch\n",
    "guid": "974395db-b31d-46a2-bc86-ef9aa5ac04dd",
    "imageUrl": "https://raw.githubusercontent.com/meilisearch/meilisearch/refs/heads/main/assets/meilisearch-logo-dark.svg",
    "name": "Meilisearch",
    "overview": "A Meilisearch Plugin for Jellyfin",
    "owner": "a.sac.",
    "targetAbi": "10.9.0.0",
    "timestamp": "2025-03-14T18:33:48Z",
    "version": "1.10.3.0"
}