{
    "category": "General",
    "changelog": "[\"bump version to 0.1.4.2\",\"Enhance configuration page and language tag filtering logic\",\"Update README.md to include raw manifest link\",\"Update build.yaml and manifest.json for release version 0.1.4.1\",\"bump version to 0.1.4.1\",\"removed all but last manifest.json entries\",\"Update README.md\",\"manifest.json cleanup: removed deleted releases\",\"Smaller readme image\",\"Updated Readme with example image\",\"Removeed Directory.Build.props file\"]",
    "description": "\"This plugin automatically scans the libraries and adds language tags to the media items.\\n The languages are extracted from the audio tracks. Media types covered are movies,\\n tv shows / series and collections.\"\n",
    "guid": "e6ee25c2-d12c-4382-a48c-66ee9c1c33cb",
    "name": "Language Tags",
    "overview": "This plugin automatically adds language tags to the media.",
    "owner": "TheXaman",
    "targetAbi": "10.10.0.0",
    "timestamp": "2025-03-22T19:22:29Z",
    "version": "0.1.4.2"
}