{
    "category": "LiveTV",
    "changelog": "- UTC fixes (#70) @emveepee\n- Use 7.0.3 deferred art (#71) @emveepee",
    "description": "Provides access to live TV, program guide, and recordings from NextPVR.\n",
    "guid": "9574ac10-bf23-49bc-949f-924f23cfa48f",
    "imageUrl": "https://repo.jellyfin.org/releases/plugin/images/jellyfin-plugin-nextpvr.png",
    "name": "NextPVR",
    "overview": "Live TV plugin for NextPVR",
    "owner": "jellyfin",
    "targetAbi": "10.11.1.0",
    "timestamp": "2025-10-31T04:00:29Z",
    "version": "13.0.0.0"
}