{
    "category": "General",
    "changelog": "New\n  - Respect ListenBrainz API rate limits (#54 @lyarenei)\n  - Implement MSID fallback for syncing favorites if MBID is not available (#59 @lyarenei)\n",
    "description": "A plugin to send your music listening activity on Jellyfin to ListenBrainz.\n",
    "guid": "59b20823-aafe-454c-a393-17427f518631",
    "name": "ListenBrainz",
    "overview": "Track your music habits with ListenBrainz.",
    "owner": "lyarenei",
    "targetAbi": "10.8.0.0",
    "timestamp": "2023-12-11T14:13:24Z",
    "version": "3.2.0.0"
}