{
    "category": "Metadata",
    "changelog": "### Bug Fixes ###\n- Fix update task (#193) @scampower3\n- Moves includeOriginalCountryInTags to the correct setting group. (#191) @scampower3",
    "description": "Get TV metadata from TheTvdb\n",
    "guid": "a677c0da-fac5-4cde-941a-7134223f14c8",
    "imageUrl": "https://repo.jellyfin.org/releases/plugin/images/jellyfin-plugin-tvdb.png",
    "name": "TheTVDB",
    "overview": "Get TV metadata from TheTvdb",
    "owner": "jellyfin",
    "targetAbi": "10.10.0.0",
    "timestamp": "2024-10-30T14:37:53Z",
    "version": "17.0.0.0"
}