{
    "category": "General",
    "changelog": "Hotfix for the new manual sync functionality |1- - Fixed issues with index numbers related to manual sync - Fixed issues with users libraries not being properly queried when using manual sync",
    "description": "Synchronize anime watch status between Jellyfin and anime tracking sites.\n",
    "guid": "c78f11cf-93e6-4423-8c42-d2c255b70e47",
    "name": "Ani-Sync",
    "overview": "Synchronize anime watch status",
    "owner": "vosmiic",
    "targetAbi": "10.8.0.0",
    "timestamp": "2022-08-03T19:28:12Z",
    "version": "2.2.1.0"
}