{
    "category": "General",
    "changelog": " - Added \"Generate Callback URL\" button on the config page.\n - Fixed the API endpoint not being populated on config page load.\n - Added Kitsu support (beta)\n - Added multi-cour season supprt\n - Fixed crash when attempting to find OVA",
    "description": "Synchronize anime watch status between Jellyfin and anime tracking sites.\n",
    "guid": "c78f11cf-93e6-4423-8c42-d2c255b70e47",
    "name": "Ani-Sync",
    "overview": "Synchronize anime watch status",
    "owner": "vosmiic",
    "targetAbi": "10.7.7.0",
    "timestamp": "2022-03-28T11:18:29Z",
    "version": "1.4.0.0"
}