{
    "category": "Metadata",
    "changelog": "- Fix 10.10 nullability (#186) @crobibero\n\n### New features and improvements ###\n- Remove All Missing Episodes On Refresh (#176) @scampower3\n- Add original countries of series or movies as tags (#184) @scampower3\n- Move to IExternalUrlProvider (#179) @scampower3\n- Add people provider  (#173) @scampower3\n\n### Bug Fixes ###\n- Only generate url when there is externalId for season (#190) @scampower3\n- Update Season provider to use SeriesDisplayOrder field (#180) @scampower3\n- Filter for Movie Ids in remote id search (#187) @scampower3\n- Fix IsMatch logic (#188) @scampower3\n- Update all items returned from GetItemList (#178) @scampower3\n\n### Code or Repo Maintenance ###\n- Use Named Tuple (#177) @scampower3\n- Remove MaxSearchResults  (#174) @scampower3\n\n### Dependency updates ###\n- Update dependency Microsoft.Extensions.Http to 8.0.1 (#181) @renovate",
    "description": "Get TV metadata from TheTvdb\n",
    "guid": "a677c0da-fac5-4cde-941a-7134223f14c8",
    "imageUrl": "https://repo.jellyfin.org/releases/plugin/images/jellyfin-plugin-tvdb.png",
    "name": "TheTVDB",
    "overview": "Get TV metadata from TheTvdb",
    "owner": "jellyfin",
    "targetAbi": "10.10.0.0",
    "timestamp": "2024-10-29T23:40:31Z",
    "version": "16.0.0.0"
}