{
    "category": "General",
    "changelog": "- 10.11 support (#163) @crobibero\n- add emby-button class to the help button (#155) @Krafting\n- fix resolution for ts (#146) @tomty89\n- Fix typo in client discovery interval help text (#149) @AnAnalogGuy\n- Strip URL parameters (#137) @Vebryn",
    "description": "Adds DLNA capability to Jellyfin\n",
    "guid": "33eba9cd-7da1-4720-967f-dd7dae7b74a1",
    "imageUrl": "",
    "name": "DLNA",
    "overview": "DLNA Service",
    "owner": "jellyfin",
    "targetAbi": "10.11.0.0",
    "timestamp": "2025-10-20T01:25:51Z",
    "version": "9.0.0.0"
}