{
    "category": "Metadata",
    "changelog": "- Fallback on empty ParentIndexNumber (#36) @Shadowghost\n- Update kitsu domain (#34) @pikami",
    "description": "Kitsu metadata provider\n",
    "guid": "88d809e2-056b-47f4-9911-073949b9963f",
    "imageUrl": "https://repo.jellyfin.org/releases/plugin/images/jellyfin-plugin-kitsu.png",
    "name": "Kitsu",
    "overview": "Kitsu metadata provider",
    "owner": "jellyfin",
    "targetAbi": "10.10.6.0",
    "timestamp": "2025-02-25T03:40:50Z",
    "version": "6.0.0.0"
}