<?xml version="1.0"?>
<doc>
    <assembly>
        <name>Jellyfin.Plugin.JellyNext</name>
    </assembly>
    <members>
        <member name="T:Jellyfin.Plugin.JellyNext.Api.JellyNextLibraryController">
            <summary>
            API controller for JellyNext virtual library.
            </summary>
        </member>
        <member name="M:Jellyfin.Plugin.JellyNext.Api.JellyNextLibraryController.#ctor(Microsoft.Extensions.Logging.ILogger{Jellyfin.Plugin.JellyNext.Api.JellyNextLibraryController},Jellyfin.Plugin.JellyNext.Services.ContentCacheService)">
            <summary>
            Initializes a new instance of the <see cref="T:Jellyfin.Plugin.JellyNext.Api.JellyNextLibraryController"/> class.
            </summary>
            <param name="logger">The logger.</param>
            <param name="cacheService">The content cache service.</param>
        </member>
        <member name="M:Jellyfin.Plugin.JellyNext.Api.JellyNextLibraryController.GetMovieRecommendations(System.Nullable{System.Int32},System.Nullable{System.Int32})">
            <summary>
            Gets movie recommendations for the admin user.
            </summary>
            <param name="startIndex">Optional start index for paging.</param>
            <param name="limit">Optional limit for paging.</param>
            <returns>Query result with movie recommendations.</returns>
        </member>
        <member name="M:Jellyfin.Plugin.JellyNext.Api.JellyNextLibraryController.GetAllRecommendations(System.Nullable{System.Int32},System.Nullable{System.Int32})">
            <summary>
            Gets all recommendations (movies and shows) for the admin user.
            </summary>
            <param name="startIndex">Optional start index for paging.</param>
            <param name="limit">Optional limit for paging.</param>
            <returns>Query result with all recommendations.</returns>
        </member>
        <member name="M:Jellyfin.Plugin.JellyNext.Api.JellyNextLibraryController.GetItem(System.Int32)">
            <summary>
            Gets a specific content item by TMDB ID.
            </summary>
            <param name="tmdbId">The TMDB ID.</param>
            <returns>The content item if found.</returns>
        </member>
        <member name="T:Jellyfin.Plugin.JellyNext.Api.RadarrController">
            <summary>
            API controller for Radarr operations.
            </summary>
        </member>
        <member name="M:Jellyfin.Plugin.JellyNext.Api.RadarrController.#ctor(Microsoft.Extensions.Logging.ILogger{Jellyfin.Plugin.JellyNext.Api.RadarrController},Jellyfin.Plugin.JellyNext.Services.RadarrService)">
            <summary>
            Initializes a new instance of the <see cref="T:Jellyfin.Plugin.JellyNext.Api.RadarrController"/> class.
            </summary>
            <param name="logger">The logger.</param>
            <param name="radarrService">The Radarr service.</param>
        </member>
        <member name="M:Jellyfin.Plugin.JellyNext.Api.RadarrController.TestConnection(System.String,System.String)">
            <summary>
            Tests the connection to Radarr and retrieves available profiles and folders.
            </summary>
            <param name="radarrUrl">The Radarr URL.</param>
            <param name="apiKey">The Radarr API key.</param>
            <returns>Connection test result with profiles and folders.</returns>
        </member>
        <member name="T:Jellyfin.Plugin.JellyNext.Api.SonarrController">
            <summary>
            API controller for Sonarr operations.
            </summary>
        </member>
        <member name="M:Jellyfin.Plugin.JellyNext.Api.SonarrController.#ctor(Microsoft.Extensions.Logging.ILogger{Jellyfin.Plugin.JellyNext.Api.SonarrController},Jellyfin.Plugin.JellyNext.Services.SonarrService)">
            <summary>
            Initializes a new instance of the <see cref="T:Jellyfin.Plugin.JellyNext.Api.SonarrController"/> class.
            </summary>
            <param name="logger">The logger.</param>
            <param name="sonarrService">The Sonarr service.</param>
        </member>
        <member name="M:Jellyfin.Plugin.JellyNext.Api.SonarrController.TestConnection(System.String,System.String)">
            <summary>
            Tests the connection to Sonarr and retrieves available profiles and folders.
            </summary>
            <param name="sonarrUrl">The Sonarr URL.</param>
            <param name="apiKey">The Sonarr API key.</param>
            <returns>Connection test result with profiles and folders.</returns>
        </member>
        <member name="T:Jellyfin.Plugin.JellyNext.Api.TraktController">
            <summary>
            API controller for Trakt OAuth operations.
            </summary>
        </member>
        <member name="M:Jellyfin.Plugin.JellyNext.Api.TraktController.#ctor(Microsoft.Extensions.Logging.ILogger{Jellyfin.Plugin.JellyNext.Api.TraktController},Jellyfin.Plugin.JellyNext.Services.TraktApi,Jellyfin.Plugin.JellyNext.VirtualLibrary.VirtualLibraryManager)">
            <summary>
            Initializes a new instance of the <see cref="T:Jellyfin.Plugin.JellyNext.Api.TraktController"/> class.
            </summary>
            <param name="logger">The logger.</param>
            <param name="traktApi">The Trakt API service.</param>
            <param name="virtualLibraryManager">The virtual library manager.</param>
        </member>
        <member name="M:Jellyfin.Plugin.JellyNext.Api.TraktController.AuthorizeUser(System.Guid)">
            <summary>
            Initiates OAuth device authorization for a user.
            </summary>
            <param name="userGuid">The Jellyfin user GUID.</param>
            <returns>The user code and verification URL.</returns>
        </member>
        <member name="M:Jellyfin.Plugin.JellyNext.Api.TraktController.GetAuthorizationStatus(System.Guid)">
            <summary>
            Checks the authorization status for a user.
            </summary>
            <param name="userGuid">The Jellyfin user GUID.</param>
            <returns>The authorization status.</returns>
        </member>
        <member name="M:Jellyfin.Plugin.JellyNext.Api.TraktController.DeauthorizeUser(System.Guid)">
            <summary>
            Deauthorizes a user's Trakt account.
            </summary>
            <param name="userGuid">The Jellyfin user GUID.</param>
            <returns>Success status.</returns>
        </member>
        <member name="M:Jellyfin.Plugin.JellyNext.Api.TraktController.GetUserSettings(System.Guid)">
            <summary>
            Gets the user-specific Trakt settings.
            </summary>
            <param name="userGuid">The Jellyfin user GUID.</param>
            <returns>The user settings.</returns>
        </member>
        <member name="M:Jellyfin.Plugin.JellyNext.Api.TraktController.UpdateUserSettings(System.Guid,Jellyfin.Plugin.JellyNext.Api.TraktController.UserSettingsDto)">
            <summary>
            Updates the user-specific Trakt settings.
            </summary>
            <param name="userGuid">The Jellyfin user GUID.</param>
            <param name="settings">The updated settings.</param>
            <returns>Success status.</returns>
        </member>
        <member name="T:Jellyfin.Plugin.JellyNext.Api.TraktController.UserSettingsDto">
            <summary>
            DTO for user settings update.
            </summary>
        </member>
        <member name="P:Jellyfin.Plugin.JellyNext.Api.TraktController.UserSettingsDto.SyncMovieRecommendations">
            <summary>
            Gets or sets a value indicating whether to sync movie recommendations.
            </summary>
        </member>
        <member name="P:Jellyfin.Plugin.JellyNext.Api.TraktController.UserSettingsDto.SyncShowRecommendations">
            <summary>
            Gets or sets a value indicating whether to sync show recommendations.
            </summary>
        </member>
        <member name="P:Jellyfin.Plugin.JellyNext.Api.TraktController.UserSettingsDto.SyncNextSeasons">
            <summary>
            Gets or sets a value indicating whether to sync next seasons.
            </summary>
        </member>
        <member name="P:Jellyfin.Plugin.JellyNext.Api.TraktController.UserSettingsDto.IgnoreCollected">
            <summary>
            Gets or sets a value indicating whether to ignore collected items.
            </summary>
        </member>
        <member name="P:Jellyfin.Plugin.JellyNext.Api.TraktController.UserSettingsDto.IgnoreWatchlisted">
            <summary>
            Gets or sets a value indicating whether to ignore watchlisted items.
            </summary>
        </member>
        <member name="P:Jellyfin.Plugin.JellyNext.Api.TraktController.UserSettingsDto.LimitShowsToSeasonOne">
            <summary>
            Gets or sets a value indicating whether to limit shows to season 1 only.
            </summary>
        </member>
        <member name="T:Jellyfin.Plugin.JellyNext.Configuration.PluginConfiguration">
            <summary>
            Plugin configuration for JellyNext.
            </summary>
        </member>
        <member name="P:Jellyfin.Plugin.JellyNext.Configuration.PluginConfiguration.RadarrUrl">
            <summary>
            Gets or sets the Radarr URL.
            </summary>
        </member>
        <member name="P:Jellyfin.Plugin.JellyNext.Configuration.PluginConfiguration.RadarrApiKey">
            <summary>
            Gets or sets the Radarr API Key.
            </summary>
        </member>
        <member name="P:Jellyfin.Plugin.JellyNext.Configuration.PluginConfiguration.RadarrQualityProfileId">
            <summary>
            Gets or sets the Radarr Quality Profile ID.
            </summary>
        </member>
        <member name="P:Jellyfin.Plugin.JellyNext.Configuration.PluginConfiguration.RadarrRootFolderPath">
            <summary>
            Gets or sets the Radarr Root Folder Path.
            </summary>
        </member>
        <member name="P:Jellyfin.Plugin.JellyNext.Configuration.PluginConfiguration.SonarrUrl">
            <summary>
            Gets or sets the Sonarr URL.
            </summary>
        </member>
        <member name="P:Jellyfin.Plugin.JellyNext.Configuration.PluginConfiguration.SonarrApiKey">
            <summary>
            Gets or sets the Sonarr API Key.
            </summary>
        </member>
        <member name="P:Jellyfin.Plugin.JellyNext.Configuration.PluginConfiguration.SonarrQualityProfileId">
            <summary>
            Gets or sets the Sonarr Quality Profile ID.
            </summary>
        </member>
        <member name="P:Jellyfin.Plugin.JellyNext.Configuration.PluginConfiguration.SonarrRootFolderPath">
            <summary>
            Gets or sets the Sonarr Root Folder Path.
            </summary>
        </member>
        <member name="P:Jellyfin.Plugin.JellyNext.Configuration.PluginConfiguration.SonarrAnimeRootFolderPath">
            <summary>
            Gets or sets the Sonarr Anime Root Folder Path (optional, for separate anime library).
            </summary>
        </member>
        <member name="P:Jellyfin.Plugin.JellyNext.Configuration.PluginConfiguration.CacheExpirationHours">
            <summary>
            Gets or sets the cache expiration interval in hours.
            </summary>
        </member>
        <member name="P:Jellyfin.Plugin.JellyNext.Configuration.PluginConfiguration.EndedShowsCacheExpirationDays">
            <summary>
            Gets or sets the ended/canceled shows cache expiration in days (default: 7 days).
            Shows with status "ended" or "canceled" are cached to reduce API calls.
            </summary>
        </member>
        <member name="P:Jellyfin.Plugin.JellyNext.Configuration.PluginConfiguration.TraktUsers">
            <summary>
            Gets or sets the array of per-user Trakt configurations.
            </summary>
        </member>
        <member name="M:Jellyfin.Plugin.JellyNext.Configuration.PluginConfiguration.AddUser(System.Guid)">
            <summary>
            Adds a new Trakt user configuration.
            </summary>
            <param name="userGuid">The Jellyfin user GUID.</param>
        </member>
        <member name="M:Jellyfin.Plugin.JellyNext.Configuration.PluginConfiguration.RemoveUser(System.Guid)">
            <summary>
            Removes a Trakt user configuration.
            </summary>
            <param name="userGuid">The Jellyfin user GUID.</param>
        </member>
        <member name="M:Jellyfin.Plugin.JellyNext.Configuration.PluginConfiguration.GetAllTraktUsers">
            <summary>
            Gets all Trakt user configurations.
            </summary>
            <returns>A read-only list of Trakt users.</returns>
        </member>
        <member name="T:Jellyfin.Plugin.JellyNext.Helpers.UserHelper">
            <summary>
            Helper class for retrieving per-user Trakt configurations.
            </summary>
        </member>
        <member name="M:Jellyfin.Plugin.JellyNext.Helpers.UserHelper.GetTraktUser(System.String,System.Boolean)">
            <summary>
            Gets the Trakt user configuration for a Jellyfin user.
            </summary>
            <param name="userId">The Jellyfin user ID as a string.</param>
            <param name="authorized">If true, only return if user has valid access token.</param>
            <returns>The TraktUser configuration or null if not found.</returns>
        </member>
        <member name="M:Jellyfin.Plugin.JellyNext.Helpers.UserHelper.GetTraktUser(System.Guid,System.Boolean)">
            <summary>
            Gets the Trakt user configuration for a Jellyfin user.
            </summary>
            <param name="userGuid">The Jellyfin user GUID.</param>
            <param name="authorized">If true, only return if user has valid access token.</param>
            <returns>The TraktUser configuration or null if not found.</returns>
        </member>
        <member name="T:Jellyfin.Plugin.JellyNext.Models.Common.ContentItem">
            <summary>
            Represents a content item (movie or show) from an external source.
            </summary>
        </member>
        <member name="P:Jellyfin.Plugin.JellyNext.Models.Common.ContentItem.Type">
            <summary>
            Gets or sets the content type.
            </summary>
        </member>
        <member name="P:Jellyfin.Plugin.JellyNext.Models.Common.ContentItem.Title">
            <summary>
            Gets or sets the title.
            </summary>
        </member>
        <member name="P:Jellyfin.Plugin.JellyNext.Models.Common.ContentItem.Year">
            <summary>
            Gets or sets the year.
            </summary>
        </member>
        <member name="P:Jellyfin.Plugin.JellyNext.Models.Common.ContentItem.TmdbId">
            <summary>
            Gets or sets the TMDB ID.
            </summary>
        </member>
        <member name="P:Jellyfin.Plugin.JellyNext.Models.Common.ContentItem.ImdbId">
            <summary>
            Gets or sets the IMDB ID.
            </summary>
        </member>
        <member name="P:Jellyfin.Plugin.JellyNext.Models.Common.ContentItem.TvdbId">
            <summary>
            Gets or sets the TVDB ID (for shows).
            </summary>
        </member>
        <member name="P:Jellyfin.Plugin.JellyNext.Models.Common.ContentItem.ProviderName">
            <summary>
            Gets or sets the provider-specific data.
            </summary>
        </member>
        <member name="P:Jellyfin.Plugin.JellyNext.Models.Common.ContentItem.AddedAt">
            <summary>
            Gets or sets the timestamp when this item was added.
            </summary>
        </member>
        <member name="P:Jellyfin.Plugin.JellyNext.Models.Common.ContentItem.TraktId">
            <summary>
            Gets or sets the Trakt ID.
            </summary>
        </member>
        <member name="P:Jellyfin.Plugin.JellyNext.Models.Common.ContentItem.SeasonNumber">
            <summary>
            Gets or sets the season number (for next seasons provider).
            </summary>
        </member>
        <member name="P:Jellyfin.Plugin.JellyNext.Models.Common.ContentItem.AiredSeasonCount">
            <summary>
            Gets or sets the number of seasons that have aired (for shows).
            </summary>
        </member>
        <member name="P:Jellyfin.Plugin.JellyNext.Models.Common.ContentItem.Genres">
            <summary>
            Gets or sets the genres.
            </summary>
        </member>
        <member name="T:Jellyfin.Plugin.JellyNext.Models.Common.ContentType">
            <summary>
            Content type enumeration.
            </summary>
        </member>
        <member name="F:Jellyfin.Plugin.JellyNext.Models.Common.ContentType.Movie">
            <summary>
            Movie content.
            </summary>
        </member>
        <member name="F:Jellyfin.Plugin.JellyNext.Models.Common.ContentType.Show">
            <summary>
            TV show content.
            </summary>
        </member>
        <member name="T:Jellyfin.Plugin.JellyNext.Models.Common.EndedShowMetadata">
            <summary>
            Metadata for an ended/canceled show that never expires.
            </summary>
        </member>
        <member name="P:Jellyfin.Plugin.JellyNext.Models.Common.EndedShowMetadata.Title">
            <summary>
            Gets or sets the show title.
            </summary>
        </member>
        <member name="P:Jellyfin.Plugin.JellyNext.Models.Common.EndedShowMetadata.Year">
            <summary>
            Gets or sets the show year.
            </summary>
        </member>
        <member name="P:Jellyfin.Plugin.JellyNext.Models.Common.EndedShowMetadata.TmdbId">
            <summary>
            Gets or sets the TMDB ID.
            </summary>
        </member>
        <member name="P:Jellyfin.Plugin.JellyNext.Models.Common.EndedShowMetadata.ImdbId">
            <summary>
            Gets or sets the IMDB ID.
            </summary>
        </member>
        <member name="P:Jellyfin.Plugin.JellyNext.Models.Common.EndedShowMetadata.TvdbId">
            <summary>
            Gets or sets the TVDB ID.
            </summary>
        </member>
        <member name="P:Jellyfin.Plugin.JellyNext.Models.Common.EndedShowMetadata.TraktId">
            <summary>
            Gets or sets the Trakt ID.
            </summary>
        </member>
        <member name="P:Jellyfin.Plugin.JellyNext.Models.Common.EndedShowMetadata.Status">
            <summary>
            Gets or sets the show status (e.g., "ended", "canceled").
            </summary>
        </member>
        <member name="P:Jellyfin.Plugin.JellyNext.Models.Common.EndedShowMetadata.Genres">
            <summary>
            Gets or sets the genres.
            </summary>
        </member>
        <member name="P:Jellyfin.Plugin.JellyNext.Models.Common.EndedShowMetadata.LastSeasonWatched">
            <summary>
            Gets or sets the last season watched by any user.
            </summary>
        </member>
        <member name="P:Jellyfin.Plugin.JellyNext.Models.Common.EndedShowMetadata.CachedAt">
            <summary>
            Gets or sets when this show was cached.
            </summary>
        </member>
        <member name="M:Jellyfin.Plugin.JellyNext.Models.Common.EndedShowMetadata.IsExpired(System.Int32)">
            <summary>
            Checks if the cached metadata has expired based on the configured expiration days.
            </summary>
            <param name="expirationDays">Number of days before expiration.</param>
            <returns>True if expired, false otherwise.</returns>
        </member>
        <member name="T:Jellyfin.Plugin.JellyNext.Models.Radarr.RadarrAddOptions">
            <summary>
            Represents add options for a Radarr movie.
            </summary>
        </member>
        <member name="P:Jellyfin.Plugin.JellyNext.Models.Radarr.RadarrAddOptions.SearchForMovie">
            <summary>
            Gets or sets a value indicating whether to search for the movie immediately.
            </summary>
        </member>
        <member name="T:Jellyfin.Plugin.JellyNext.Models.Radarr.RadarrMovie">
            <summary>
            Represents a movie in Radarr.
            </summary>
        </member>
        <member name="P:Jellyfin.Plugin.JellyNext.Models.Radarr.RadarrMovie.Id">
            <summary>
            Gets or sets the movie ID.
            </summary>
        </member>
        <member name="P:Jellyfin.Plugin.JellyNext.Models.Radarr.RadarrMovie.Title">
            <summary>
            Gets or sets the movie title.
            </summary>
        </member>
        <member name="P:Jellyfin.Plugin.JellyNext.Models.Radarr.RadarrMovie.TmdbId">
            <summary>
            Gets or sets the TMDB ID.
            </summary>
        </member>
        <member name="P:Jellyfin.Plugin.JellyNext.Models.Radarr.RadarrMovie.ImdbId">
            <summary>
            Gets or sets the IMDB ID.
            </summary>
        </member>
        <member name="P:Jellyfin.Plugin.JellyNext.Models.Radarr.RadarrMovie.Year">
            <summary>
            Gets or sets the year.
            </summary>
        </member>
        <member name="P:Jellyfin.Plugin.JellyNext.Models.Radarr.RadarrMovie.QualityProfileId">
            <summary>
            Gets or sets the quality profile ID.
            </summary>
        </member>
        <member name="P:Jellyfin.Plugin.JellyNext.Models.Radarr.RadarrMovie.RootFolderPath">
            <summary>
            Gets or sets the root folder path.
            </summary>
        </member>
        <member name="P:Jellyfin.Plugin.JellyNext.Models.Radarr.RadarrMovie.Monitored">
            <summary>
            Gets or sets a value indicating whether to monitor the movie.
            </summary>
        </member>
        <member name="P:Jellyfin.Plugin.JellyNext.Models.Radarr.RadarrMovie.AddOptions">
            <summary>
            Gets or sets the add options.
            </summary>
        </member>
        <member name="T:Jellyfin.Plugin.JellyNext.Models.Radarr.RadarrQualityProfile">
            <summary>
            Represents a Radarr quality profile.
            </summary>
        </member>
        <member name="P:Jellyfin.Plugin.JellyNext.Models.Radarr.RadarrQualityProfile.Id">
            <summary>
            Gets or sets the quality profile ID.
            </summary>
        </member>
        <member name="P:Jellyfin.Plugin.JellyNext.Models.Radarr.RadarrQualityProfile.Name">
            <summary>
            Gets or sets the quality profile name.
            </summary>
        </member>
        <member name="T:Jellyfin.Plugin.JellyNext.Models.Radarr.RadarrRootFolder">
            <summary>
            Represents a Radarr root folder.
            </summary>
        </member>
        <member name="P:Jellyfin.Plugin.JellyNext.Models.Radarr.RadarrRootFolder.Id">
            <summary>
            Gets or sets the root folder ID.
            </summary>
        </member>
        <member name="P:Jellyfin.Plugin.JellyNext.Models.Radarr.RadarrRootFolder.Path">
            <summary>
            Gets or sets the root folder path.
            </summary>
        </member>
        <member name="P:Jellyfin.Plugin.JellyNext.Models.Radarr.RadarrRootFolder.FreeSpace">
            <summary>
            Gets or sets the free space in bytes.
            </summary>
        </member>
        <member name="T:Jellyfin.Plugin.JellyNext.Models.Radarr.RadarrSystemStatus">
            <summary>
            Represents Radarr system status.
            </summary>
        </member>
        <member name="P:Jellyfin.Plugin.JellyNext.Models.Radarr.RadarrSystemStatus.Version">
            <summary>
            Gets or sets the Radarr version.
            </summary>
        </member>
        <member name="P:Jellyfin.Plugin.JellyNext.Models.Radarr.RadarrSystemStatus.IsApiKeyValid">
            <summary>
            Gets or sets a value indicating whether the API key is valid.
            </summary>
        </member>
        <member name="T:Jellyfin.Plugin.JellyNext.Models.Radarr.RadarrTestConnectionResponse">
            <summary>
            Represents the response from testing Radarr connection.
            </summary>
        </member>
        <member name="P:Jellyfin.Plugin.JellyNext.Models.Radarr.RadarrTestConnectionResponse.Success">
            <summary>
            Gets or sets a value indicating whether the connection is successful.
            </summary>
        </member>
        <member name="P:Jellyfin.Plugin.JellyNext.Models.Radarr.RadarrTestConnectionResponse.ErrorMessage">
            <summary>
            Gets or sets the error message if connection failed.
            </summary>
        </member>
        <member name="P:Jellyfin.Plugin.JellyNext.Models.Radarr.RadarrTestConnectionResponse.Version">
            <summary>
            Gets or sets the Radarr version.
            </summary>
        </member>
        <member name="P:Jellyfin.Plugin.JellyNext.Models.Radarr.RadarrTestConnectionResponse.QualityProfiles">
            <summary>
            Gets or sets the available quality profiles.
            </summary>
        </member>
        <member name="P:Jellyfin.Plugin.JellyNext.Models.Radarr.RadarrTestConnectionResponse.RootFolders">
            <summary>
            Gets or sets the available root folders.
            </summary>
        </member>
        <member name="T:Jellyfin.Plugin.JellyNext.Models.Sonarr.SonarrAddOptions">
            <summary>
            Represents add options when adding a series to Sonarr.
            </summary>
        </member>
        <member name="P:Jellyfin.Plugin.JellyNext.Models.Sonarr.SonarrAddOptions.SearchForMissingEpisodes">
            <summary>
            Gets or sets a value indicating whether to search for missing episodes immediately.
            </summary>
        </member>
        <member name="T:Jellyfin.Plugin.JellyNext.Models.Sonarr.SonarrQualityProfile">
            <summary>
            Represents a Sonarr quality profile.
            </summary>
        </member>
        <member name="P:Jellyfin.Plugin.JellyNext.Models.Sonarr.SonarrQualityProfile.Id">
            <summary>
            Gets or sets the quality profile ID.
            </summary>
        </member>
        <member name="P:Jellyfin.Plugin.JellyNext.Models.Sonarr.SonarrQualityProfile.Name">
            <summary>
            Gets or sets the quality profile name.
            </summary>
        </member>
        <member name="T:Jellyfin.Plugin.JellyNext.Models.Sonarr.SonarrRootFolder">
            <summary>
            Represents a Sonarr root folder.
            </summary>
        </member>
        <member name="P:Jellyfin.Plugin.JellyNext.Models.Sonarr.SonarrRootFolder.Id">
            <summary>
            Gets or sets the root folder ID.
            </summary>
        </member>
        <member name="P:Jellyfin.Plugin.JellyNext.Models.Sonarr.SonarrRootFolder.Path">
            <summary>
            Gets or sets the root folder path.
            </summary>
        </member>
        <member name="P:Jellyfin.Plugin.JellyNext.Models.Sonarr.SonarrRootFolder.FreeSpace">
            <summary>
            Gets or sets the free space in bytes.
            </summary>
        </member>
        <member name="T:Jellyfin.Plugin.JellyNext.Models.Sonarr.SonarrSeason">
            <summary>
            Represents a season in Sonarr.
            </summary>
        </member>
        <member name="P:Jellyfin.Plugin.JellyNext.Models.Sonarr.SonarrSeason.SeasonNumber">
            <summary>
            Gets or sets the season number.
            </summary>
        </member>
        <member name="P:Jellyfin.Plugin.JellyNext.Models.Sonarr.SonarrSeason.Monitored">
            <summary>
            Gets or sets a value indicating whether the season is monitored.
            </summary>
        </member>
        <member name="T:Jellyfin.Plugin.JellyNext.Models.Sonarr.SonarrSeries">
            <summary>
            Represents a series in Sonarr.
            </summary>
        </member>
        <member name="P:Jellyfin.Plugin.JellyNext.Models.Sonarr.SonarrSeries.Id">
            <summary>
            Gets or sets the series ID.
            </summary>
        </member>
        <member name="P:Jellyfin.Plugin.JellyNext.Models.Sonarr.SonarrSeries.Title">
            <summary>
            Gets or sets the series title.
            </summary>
        </member>
        <member name="P:Jellyfin.Plugin.JellyNext.Models.Sonarr.SonarrSeries.TvdbId">
            <summary>
            Gets or sets the TVDB ID.
            </summary>
        </member>
        <member name="P:Jellyfin.Plugin.JellyNext.Models.Sonarr.SonarrSeries.QualityProfileId">
            <summary>
            Gets or sets the quality profile ID.
            </summary>
        </member>
        <member name="P:Jellyfin.Plugin.JellyNext.Models.Sonarr.SonarrSeries.RootFolderPath">
            <summary>
            Gets or sets the root folder path.
            </summary>
        </member>
        <member name="P:Jellyfin.Plugin.JellyNext.Models.Sonarr.SonarrSeries.Monitored">
            <summary>
            Gets or sets a value indicating whether the series is monitored.
            </summary>
        </member>
        <member name="P:Jellyfin.Plugin.JellyNext.Models.Sonarr.SonarrSeries.SeasonFolder">
            <summary>
            Gets or sets a value indicating whether to use season folders.
            </summary>
        </member>
        <member name="P:Jellyfin.Plugin.JellyNext.Models.Sonarr.SonarrSeries.SeriesType">
            <summary>
            Gets or sets the series type (standard, anime, daily).
            </summary>
        </member>
        <member name="P:Jellyfin.Plugin.JellyNext.Models.Sonarr.SonarrSeries.Seasons">
            <summary>
            Gets or sets the seasons.
            </summary>
        </member>
        <member name="P:Jellyfin.Plugin.JellyNext.Models.Sonarr.SonarrSeries.AddOptions">
            <summary>
            Gets or sets the add options.
            </summary>
        </member>
        <member name="P:Jellyfin.Plugin.JellyNext.Models.Sonarr.SonarrSeries.LanguageProfileId">
            <summary>
            Gets or sets the language profile ID.
            </summary>
        </member>
        <member name="T:Jellyfin.Plugin.JellyNext.Models.Sonarr.SonarrSystemStatus">
            <summary>
            Represents Sonarr system status.
            </summary>
        </member>
        <member name="P:Jellyfin.Plugin.JellyNext.Models.Sonarr.SonarrSystemStatus.Version">
            <summary>
            Gets or sets the Sonarr version.
            </summary>
        </member>
        <member name="P:Jellyfin.Plugin.JellyNext.Models.Sonarr.SonarrSystemStatus.IsApiKeyValid">
            <summary>
            Gets or sets a value indicating whether the API key is valid.
            </summary>
        </member>
        <member name="T:Jellyfin.Plugin.JellyNext.Models.Sonarr.SonarrTestConnectionResponse">
            <summary>
            Represents the response from testing Sonarr connection.
            </summary>
        </member>
        <member name="P:Jellyfin.Plugin.JellyNext.Models.Sonarr.SonarrTestConnectionResponse.Success">
            <summary>
            Gets or sets a value indicating whether the connection is successful.
            </summary>
        </member>
        <member name="P:Jellyfin.Plugin.JellyNext.Models.Sonarr.SonarrTestConnectionResponse.ErrorMessage">
            <summary>
            Gets or sets the error message if connection failed.
            </summary>
        </member>
        <member name="P:Jellyfin.Plugin.JellyNext.Models.Sonarr.SonarrTestConnectionResponse.Version">
            <summary>
            Gets or sets the Sonarr version.
            </summary>
        </member>
        <member name="P:Jellyfin.Plugin.JellyNext.Models.Sonarr.SonarrTestConnectionResponse.QualityProfiles">
            <summary>
            Gets or sets the available quality profiles.
            </summary>
        </member>
        <member name="P:Jellyfin.Plugin.JellyNext.Models.Sonarr.SonarrTestConnectionResponse.RootFolders">
            <summary>
            Gets or sets the available root folders.
            </summary>
        </member>
        <member name="T:Jellyfin.Plugin.JellyNext.Models.Trakt.TraktDeviceCode">
            <summary>
            Represents the Trakt device code response for OAuth device flow.
            </summary>
        </member>
        <member name="P:Jellyfin.Plugin.JellyNext.Models.Trakt.TraktDeviceCode.DeviceCode">
            <summary>
            Gets or sets the device code used for polling.
            </summary>
        </member>
        <member name="P:Jellyfin.Plugin.JellyNext.Models.Trakt.TraktDeviceCode.UserCode">
            <summary>
            Gets or sets the user code to display to the user.
            </summary>
        </member>
        <member name="P:Jellyfin.Plugin.JellyNext.Models.Trakt.TraktDeviceCode.VerificationUrl">
            <summary>
            Gets or sets the verification URL where user enters the code.
            </summary>
        </member>
        <member name="P:Jellyfin.Plugin.JellyNext.Models.Trakt.TraktDeviceCode.ExpiresIn">
            <summary>
            Gets or sets the number of seconds until the device code expires.
            </summary>
        </member>
        <member name="P:Jellyfin.Plugin.JellyNext.Models.Trakt.TraktDeviceCode.Interval">
            <summary>
            Gets or sets the polling interval in seconds.
            </summary>
        </member>
        <member name="T:Jellyfin.Plugin.JellyNext.Models.Trakt.TraktEpisodeProgress">
            <summary>
            Represents episode progress information.
            </summary>
        </member>
        <member name="P:Jellyfin.Plugin.JellyNext.Models.Trakt.TraktEpisodeProgress.Number">
            <summary>
            Gets or sets the episode number.
            </summary>
        </member>
        <member name="P:Jellyfin.Plugin.JellyNext.Models.Trakt.TraktEpisodeProgress.LastWatchedAt">
            <summary>
            Gets or sets when the episode was last watched.
            </summary>
        </member>
        <member name="T:Jellyfin.Plugin.JellyNext.Models.Trakt.TraktIds">
            <summary>
            Represents Trakt item IDs from various sources.
            </summary>
        </member>
        <member name="P:Jellyfin.Plugin.JellyNext.Models.Trakt.TraktIds.Trakt">
            <summary>
            Gets or sets the Trakt ID.
            </summary>
        </member>
        <member name="P:Jellyfin.Plugin.JellyNext.Models.Trakt.TraktIds.Slug">
            <summary>
            Gets or sets the Slug.
            </summary>
        </member>
        <member name="P:Jellyfin.Plugin.JellyNext.Models.Trakt.TraktIds.Tvdb">
            <summary>
            Gets or sets the TVDB ID.
            </summary>
        </member>
        <member name="P:Jellyfin.Plugin.JellyNext.Models.Trakt.TraktIds.Imdb">
            <summary>
            Gets or sets the IMDB ID.
            </summary>
        </member>
        <member name="P:Jellyfin.Plugin.JellyNext.Models.Trakt.TraktIds.Tmdb">
            <summary>
            Gets or sets the TMDB ID.
            </summary>
        </member>
        <member name="T:Jellyfin.Plugin.JellyNext.Models.Trakt.TraktMovie">
            <summary>
            Represents a Trakt movie.
            </summary>
        </member>
        <member name="P:Jellyfin.Plugin.JellyNext.Models.Trakt.TraktMovie.Title">
            <summary>
            Gets or sets the movie title.
            </summary>
        </member>
        <member name="P:Jellyfin.Plugin.JellyNext.Models.Trakt.TraktMovie.Year">
            <summary>
            Gets or sets the movie year.
            </summary>
        </member>
        <member name="P:Jellyfin.Plugin.JellyNext.Models.Trakt.TraktMovie.Ids">
            <summary>
            Gets or sets the movie IDs.
            </summary>
        </member>
        <member name="P:Jellyfin.Plugin.JellyNext.Models.Trakt.TraktMovie.Genres">
            <summary>
            Gets or sets the genres.
            </summary>
        </member>
        <member name="T:Jellyfin.Plugin.JellyNext.Models.Trakt.TraktSeason">
            <summary>
            Represents a season from Trakt API.
            </summary>
        </member>
        <member name="P:Jellyfin.Plugin.JellyNext.Models.Trakt.TraktSeason.Number">
            <summary>
            Gets or sets the season number.
            </summary>
        </member>
        <member name="P:Jellyfin.Plugin.JellyNext.Models.Trakt.TraktSeason.Ids">
            <summary>
            Gets or sets the season IDs.
            </summary>
        </member>
        <member name="P:Jellyfin.Plugin.JellyNext.Models.Trakt.TraktSeason.EpisodeCount">
            <summary>
            Gets or sets the total number of episodes in this season.
            </summary>
        </member>
        <member name="P:Jellyfin.Plugin.JellyNext.Models.Trakt.TraktSeason.AiredEpisodes">
            <summary>
            Gets or sets the number of episodes that have aired.
            </summary>
        </member>
        <member name="P:Jellyfin.Plugin.JellyNext.Models.Trakt.TraktSeason.FirstAired">
            <summary>
            Gets or sets when the season first aired.
            </summary>
        </member>
        <member name="T:Jellyfin.Plugin.JellyNext.Models.Trakt.TraktSeasonEpisode">
            <summary>
            Represents a basic episode in a season response.
            </summary>
        </member>
        <member name="P:Jellyfin.Plugin.JellyNext.Models.Trakt.TraktSeasonEpisode.Season">
            <summary>
            Gets or sets the season number.
            </summary>
        </member>
        <member name="P:Jellyfin.Plugin.JellyNext.Models.Trakt.TraktSeasonEpisode.Number">
            <summary>
            Gets or sets the episode number.
            </summary>
        </member>
        <member name="P:Jellyfin.Plugin.JellyNext.Models.Trakt.TraktSeasonEpisode.Title">
            <summary>
            Gets or sets the episode title.
            </summary>
        </member>
        <member name="P:Jellyfin.Plugin.JellyNext.Models.Trakt.TraktSeasonEpisode.Ids">
            <summary>
            Gets or sets the episode IDs.
            </summary>
        </member>
        <member name="P:Jellyfin.Plugin.JellyNext.Models.Trakt.TraktSeasonEpisode.FirstAired">
            <summary>
            Gets or sets when the episode first aired.
            </summary>
        </member>
        <member name="T:Jellyfin.Plugin.JellyNext.Models.Trakt.TraktShow">
            <summary>
            Represents a Trakt TV show.
            </summary>
        </member>
        <member name="P:Jellyfin.Plugin.JellyNext.Models.Trakt.TraktShow.Title">
            <summary>
            Gets or sets the show title.
            </summary>
        </member>
        <member name="P:Jellyfin.Plugin.JellyNext.Models.Trakt.TraktShow.Year">
            <summary>
            Gets or sets the show year.
            </summary>
        </member>
        <member name="P:Jellyfin.Plugin.JellyNext.Models.Trakt.TraktShow.Ids">
            <summary>
            Gets or sets the show IDs.
            </summary>
        </member>
        <member name="P:Jellyfin.Plugin.JellyNext.Models.Trakt.TraktShow.Genres">
            <summary>
            Gets or sets the genres.
            </summary>
        </member>
        <member name="P:Jellyfin.Plugin.JellyNext.Models.Trakt.TraktShow.Status">
            <summary>
            Gets or sets the show status (e.g., "ended", "returning series", "canceled").
            </summary>
        </member>
        <member name="T:Jellyfin.Plugin.JellyNext.Models.Trakt.TraktShowSeasonProgress">
            <summary>
            Represents season progress information for a watched show.
            </summary>
        </member>
        <member name="P:Jellyfin.Plugin.JellyNext.Models.Trakt.TraktShowSeasonProgress.Number">
            <summary>
            Gets or sets the season number (0 for specials).
            </summary>
        </member>
        <member name="P:Jellyfin.Plugin.JellyNext.Models.Trakt.TraktShowSeasonProgress.Episodes">
            <summary>
            Gets or sets the episode progress information.
            </summary>
        </member>
        <member name="T:Jellyfin.Plugin.JellyNext.Models.Trakt.TraktShowSummary">
            <summary>
            Represents extended show information from Trakt.
            </summary>
        </member>
        <member name="P:Jellyfin.Plugin.JellyNext.Models.Trakt.TraktShowSummary.Title">
            <summary>
            Gets or sets the show title.
            </summary>
        </member>
        <member name="P:Jellyfin.Plugin.JellyNext.Models.Trakt.TraktShowSummary.Year">
            <summary>
            Gets or sets the show year.
            </summary>
        </member>
        <member name="P:Jellyfin.Plugin.JellyNext.Models.Trakt.TraktShowSummary.AiredEpisodes">
            <summary>
            Gets or sets the number of aired seasons.
            </summary>
        </member>
        <member name="P:Jellyfin.Plugin.JellyNext.Models.Trakt.TraktShowSummary.Ids">
            <summary>
            Gets or sets the show IDs.
            </summary>
        </member>
        <member name="T:Jellyfin.Plugin.JellyNext.Models.Trakt.TraktUser">
            <summary>
            Represents a Jellyfin user's Trakt account configuration and OAuth tokens.
            </summary>
        </member>
        <member name="P:Jellyfin.Plugin.JellyNext.Models.Trakt.TraktUser.AccessToken">
            <summary>
            Gets or sets the OAuth access token.
            </summary>
        </member>
        <member name="P:Jellyfin.Plugin.JellyNext.Models.Trakt.TraktUser.RefreshToken">
            <summary>
            Gets or sets the OAuth refresh token.
            </summary>
        </member>
        <member name="P:Jellyfin.Plugin.JellyNext.Models.Trakt.TraktUser.LinkedMbUserId">
            <summary>
            Gets or sets the linked Jellyfin user ID.
            </summary>
        </member>
        <member name="P:Jellyfin.Plugin.JellyNext.Models.Trakt.TraktUser.AccessTokenExpiration">
            <summary>
            Gets or sets the access token expiration timestamp.
            </summary>
        </member>
        <member name="P:Jellyfin.Plugin.JellyNext.Models.Trakt.TraktUser.ExtraLogging">
            <summary>
            Gets or sets a value indicating whether to enable extra logging for this user.
            </summary>
        </member>
        <member name="P:Jellyfin.Plugin.JellyNext.Models.Trakt.TraktUser.SyncMovieRecommendations">
            <summary>
            Gets or sets a value indicating whether to sync movie recommendations for this user.
            </summary>
        </member>
        <member name="P:Jellyfin.Plugin.JellyNext.Models.Trakt.TraktUser.SyncShowRecommendations">
            <summary>
            Gets or sets a value indicating whether to sync show recommendations for this user.
            </summary>
        </member>
        <member name="P:Jellyfin.Plugin.JellyNext.Models.Trakt.TraktUser.SyncNextSeasons">
            <summary>
            Gets or sets a value indicating whether to sync next seasons for this user.
            </summary>
        </member>
        <member name="P:Jellyfin.Plugin.JellyNext.Models.Trakt.TraktUser.IgnoreCollected">
            <summary>
            Gets or sets a value indicating whether to ignore collected items in recommendations for this user.
            </summary>
        </member>
        <member name="P:Jellyfin.Plugin.JellyNext.Models.Trakt.TraktUser.IgnoreWatchlisted">
            <summary>
            Gets or sets a value indicating whether to ignore watchlisted items in recommendations for this user.
            </summary>
        </member>
        <member name="P:Jellyfin.Plugin.JellyNext.Models.Trakt.TraktUser.LimitShowsToSeasonOne">
            <summary>
            Gets or sets a value indicating whether to limit show recommendations to season 1 only (improves Jellyfin scan performance).
            </summary>
        </member>
        <member name="T:Jellyfin.Plugin.JellyNext.Models.Trakt.TraktUserAccessToken">
            <summary>
            Represents the Trakt OAuth access token response.
            </summary>
        </member>
        <member name="P:Jellyfin.Plugin.JellyNext.Models.Trakt.TraktUserAccessToken.AccessToken">
            <summary>
            Gets or sets the OAuth access token.
            </summary>
        </member>
        <member name="P:Jellyfin.Plugin.JellyNext.Models.Trakt.TraktUserAccessToken.TokenType">
            <summary>
            Gets or sets the token type (usually "Bearer").
            </summary>
        </member>
        <member name="P:Jellyfin.Plugin.JellyNext.Models.Trakt.TraktUserAccessToken.ExpiresIn">
            <summary>
            Gets or sets the number of seconds until the access token expires.
            </summary>
        </member>
        <member name="P:Jellyfin.Plugin.JellyNext.Models.Trakt.TraktUserAccessToken.RefreshToken">
            <summary>
            Gets or sets the refresh token for renewing access.
            </summary>
        </member>
        <member name="P:Jellyfin.Plugin.JellyNext.Models.Trakt.TraktUserAccessToken.Scope">
            <summary>
            Gets or sets the OAuth scope.
            </summary>
        </member>
        <member name="P:Jellyfin.Plugin.JellyNext.Models.Trakt.TraktUserAccessToken.CreatedAt">
            <summary>
            Gets or sets the Unix timestamp when the token was created.
            </summary>
        </member>
        <member name="P:Jellyfin.Plugin.JellyNext.Models.Trakt.TraktUserAccessToken.ExpirationWithBuffer">
            <summary>
            Gets the expiration time with a 75% safety buffer.
            </summary>
        </member>
        <member name="T:Jellyfin.Plugin.JellyNext.Models.Trakt.TraktUserRefreshTokenRequest">
            <summary>
            Represents a Trakt OAuth refresh token request.
            </summary>
        </member>
        <member name="P:Jellyfin.Plugin.JellyNext.Models.Trakt.TraktUserRefreshTokenRequest.RefreshToken">
            <summary>
            Gets or sets the refresh token.
            </summary>
        </member>
        <member name="P:Jellyfin.Plugin.JellyNext.Models.Trakt.TraktUserRefreshTokenRequest.ClientId">
            <summary>
            Gets or sets the Trakt client ID.
            </summary>
        </member>
        <member name="P:Jellyfin.Plugin.JellyNext.Models.Trakt.TraktUserRefreshTokenRequest.ClientSecret">
            <summary>
            Gets or sets the Trakt client secret.
            </summary>
        </member>
        <member name="P:Jellyfin.Plugin.JellyNext.Models.Trakt.TraktUserRefreshTokenRequest.RedirectUri">
            <summary>
            Gets or sets the redirect URI (for device flow: "urn:ietf:wg:oauth:2.0:oob").
            </summary>
        </member>
        <member name="P:Jellyfin.Plugin.JellyNext.Models.Trakt.TraktUserRefreshTokenRequest.GrantType">
            <summary>
            Gets or sets the grant type (should be "refresh_token").
            </summary>
        </member>
        <member name="T:Jellyfin.Plugin.JellyNext.Models.Trakt.TraktWatchedShow">
            <summary>
            Represents a watched show from Trakt with season progress.
            </summary>
        </member>
        <member name="P:Jellyfin.Plugin.JellyNext.Models.Trakt.TraktWatchedShow.Show">
            <summary>
            Gets or sets the show information.
            </summary>
        </member>
        <member name="P:Jellyfin.Plugin.JellyNext.Models.Trakt.TraktWatchedShow.Seasons">
            <summary>
            Gets or sets the season progress information.
            </summary>
        </member>
        <member name="P:Jellyfin.Plugin.JellyNext.Models.Trakt.TraktWatchedShow.LastWatchedAt">
            <summary>
            Gets or sets the last watched date.
            </summary>
        </member>
        <member name="T:Jellyfin.Plugin.JellyNext.Plugin">
            <summary>
            The main plugin class for JellyNext.
            </summary>
        </member>
        <member name="M:Jellyfin.Plugin.JellyNext.Plugin.#ctor(MediaBrowser.Common.Configuration.IApplicationPaths,MediaBrowser.Model.Serialization.IXmlSerializer,MediaBrowser.Controller.IServerApplicationHost)">
            <summary>
            Initializes a new instance of the <see cref="T:Jellyfin.Plugin.JellyNext.Plugin"/> class.
            </summary>
            <param name="applicationPaths">Instance of the <see cref="T:MediaBrowser.Common.Configuration.IApplicationPaths"/> interface.</param>
            <param name="xmlSerializer">Instance of the <see cref="T:MediaBrowser.Model.Serialization.IXmlSerializer"/> interface.</param>
            <param name="applicationHost">Instance of the <see cref="T:MediaBrowser.Controller.IServerApplicationHost"/> interface.</param>
        </member>
        <member name="P:Jellyfin.Plugin.JellyNext.Plugin.Name">
            <inheritdoc />
        </member>
        <member name="P:Jellyfin.Plugin.JellyNext.Plugin.Id">
            <inheritdoc />
        </member>
        <member name="P:Jellyfin.Plugin.JellyNext.Plugin.Instance">
            <summary>
            Gets the current plugin instance.
            </summary>
        </member>
        <member name="P:Jellyfin.Plugin.JellyNext.Plugin.ApplicationHost">
            <summary>
            Gets the application host.
            </summary>
        </member>
        <member name="P:Jellyfin.Plugin.JellyNext.Plugin.PollingTasks">
            <summary>
            Gets the dictionary of active OAuth polling tasks keyed by user GUID.
            </summary>
        </member>
        <member name="M:Jellyfin.Plugin.JellyNext.Plugin.GetPages">
            <inheritdoc />
        </member>
        <member name="T:Jellyfin.Plugin.JellyNext.PluginServiceRegistrator">
            <summary>
            Service registrator for JellyNext plugin services.
            </summary>
        </member>
        <member name="M:Jellyfin.Plugin.JellyNext.PluginServiceRegistrator.RegisterServices(Microsoft.Extensions.DependencyInjection.IServiceCollection,MediaBrowser.Controller.IServerApplicationHost)">
            <inheritdoc />
        </member>
        <member name="T:Jellyfin.Plugin.JellyNext.Providers.IContentProvider">
            <summary>
            Interface for content providers that fetch media from external sources.
            </summary>
        </member>
        <member name="P:Jellyfin.Plugin.JellyNext.Providers.IContentProvider.ProviderName">
            <summary>
            Gets the unique name of this content provider.
            </summary>
        </member>
        <member name="P:Jellyfin.Plugin.JellyNext.Providers.IContentProvider.LibraryName">
            <summary>
            Gets the display name of the virtual library for this provider.
            </summary>
        </member>
        <member name="M:Jellyfin.Plugin.JellyNext.Providers.IContentProvider.FetchContentAsync(System.Guid)">
            <summary>
            Fetches content for a specific user.
            </summary>
            <param name="userId">The Jellyfin user ID.</param>
            <returns>A collection of content items.</returns>
        </member>
        <member name="M:Jellyfin.Plugin.JellyNext.Providers.IContentProvider.IsEnabledForUser(System.Guid)">
            <summary>
            Determines if this provider is enabled for the given user.
            </summary>
            <param name="userId">The Jellyfin user ID.</param>
            <returns>True if enabled, false otherwise.</returns>
        </member>
        <member name="T:Jellyfin.Plugin.JellyNext.Providers.NextSeasonsProvider">
            <summary>
            Provider for next seasons of watched shows.
            </summary>
        </member>
        <member name="M:Jellyfin.Plugin.JellyNext.Providers.NextSeasonsProvider.#ctor(Microsoft.Extensions.Logging.ILogger{Jellyfin.Plugin.JellyNext.Providers.NextSeasonsProvider},Jellyfin.Plugin.JellyNext.Services.TraktApi,Jellyfin.Plugin.JellyNext.Services.LocalLibraryService,Jellyfin.Plugin.JellyNext.Services.EndedShowsCacheService)">
            <summary>
            Initializes a new instance of the <see cref="T:Jellyfin.Plugin.JellyNext.Providers.NextSeasonsProvider"/> class.
            </summary>
            <param name="logger">The logger.</param>
            <param name="traktApi">The Trakt API service.</param>
            <param name="localLibraryService">The local library service.</param>
            <param name="endedShowsCache">The ended shows cache service.</param>
        </member>
        <member name="P:Jellyfin.Plugin.JellyNext.Providers.NextSeasonsProvider.ProviderName">
            <inheritdoc />
        </member>
        <member name="P:Jellyfin.Plugin.JellyNext.Providers.NextSeasonsProvider.LibraryName">
            <inheritdoc />
        </member>
        <member name="M:Jellyfin.Plugin.JellyNext.Providers.NextSeasonsProvider.IsEnabledForUser(System.Guid)">
            <inheritdoc />
        </member>
        <member name="M:Jellyfin.Plugin.JellyNext.Providers.NextSeasonsProvider.FetchContentAsync(System.Guid)">
            <inheritdoc />
        </member>
        <member name="T:Jellyfin.Plugin.JellyNext.Providers.RecommendationsProvider">
            <summary>
            Provider for Trakt personalized recommendations.
            </summary>
        </member>
        <member name="M:Jellyfin.Plugin.JellyNext.Providers.RecommendationsProvider.#ctor(Microsoft.Extensions.Logging.ILogger{Jellyfin.Plugin.JellyNext.Providers.RecommendationsProvider},Jellyfin.Plugin.JellyNext.Services.TraktApi,Jellyfin.Plugin.JellyNext.Services.EndedShowsCacheService)">
            <summary>
            Initializes a new instance of the <see cref="T:Jellyfin.Plugin.JellyNext.Providers.RecommendationsProvider"/> class.
            </summary>
            <param name="logger">The logger.</param>
            <param name="traktApi">The Trakt API service.</param>
            <param name="endedShowsCache">The ended shows cache service.</param>
        </member>
        <member name="P:Jellyfin.Plugin.JellyNext.Providers.RecommendationsProvider.ProviderName">
            <inheritdoc />
        </member>
        <member name="P:Jellyfin.Plugin.JellyNext.Providers.RecommendationsProvider.LibraryName">
            <inheritdoc />
        </member>
        <member name="M:Jellyfin.Plugin.JellyNext.Providers.RecommendationsProvider.IsEnabledForUser(System.Guid)">
            <inheritdoc />
        </member>
        <member name="M:Jellyfin.Plugin.JellyNext.Providers.RecommendationsProvider.FetchContentAsync(System.Guid)">
            <inheritdoc />
        </member>
        <member name="T:Jellyfin.Plugin.JellyNext.ScheduledTasks.ContentSyncScheduledTask">
            <summary>
            Scheduled task for syncing content from Trakt.
            </summary>
        </member>
        <member name="M:Jellyfin.Plugin.JellyNext.ScheduledTasks.ContentSyncScheduledTask.#ctor(Microsoft.Extensions.Logging.ILogger{Jellyfin.Plugin.JellyNext.ScheduledTasks.ContentSyncScheduledTask},Jellyfin.Plugin.JellyNext.Services.ContentSyncService,Jellyfin.Plugin.JellyNext.VirtualLibrary.VirtualLibraryManager,MediaBrowser.Controller.Library.ILibraryManager,MediaBrowser.Model.IO.IFileSystem)">
            <summary>
            Initializes a new instance of the <see cref="T:Jellyfin.Plugin.JellyNext.ScheduledTasks.ContentSyncScheduledTask"/> class.
            </summary>
            <param name="logger">The logger.</param>
            <param name="syncService">The content sync service.</param>
            <param name="virtualLibraryManager">The virtual library manager.</param>
            <param name="libraryManager">The library manager.</param>
            <param name="fileSystem">The file system.</param>
        </member>
        <member name="P:Jellyfin.Plugin.JellyNext.ScheduledTasks.ContentSyncScheduledTask.Name">
            <inheritdoc />
        </member>
        <member name="P:Jellyfin.Plugin.JellyNext.ScheduledTasks.ContentSyncScheduledTask.Key">
            <inheritdoc />
        </member>
        <member name="P:Jellyfin.Plugin.JellyNext.ScheduledTasks.ContentSyncScheduledTask.Description">
            <inheritdoc />
        </member>
        <member name="P:Jellyfin.Plugin.JellyNext.ScheduledTasks.ContentSyncScheduledTask.Category">
            <inheritdoc />
        </member>
        <member name="M:Jellyfin.Plugin.JellyNext.ScheduledTasks.ContentSyncScheduledTask.ExecuteAsync(System.IProgress{System.Double},System.Threading.CancellationToken)">
            <inheritdoc />
        </member>
        <member name="M:Jellyfin.Plugin.JellyNext.ScheduledTasks.ContentSyncScheduledTask.GetDefaultTriggers">
            <inheritdoc />
        </member>
        <member name="T:Jellyfin.Plugin.JellyNext.Services.ContentCacheService">
            <summary>
            Service for caching synced content per user and provider.
            </summary>
        </member>
        <member name="M:Jellyfin.Plugin.JellyNext.Services.ContentCacheService.#ctor(Microsoft.Extensions.Logging.ILogger{Jellyfin.Plugin.JellyNext.Services.ContentCacheService})">
            <summary>
            Initializes a new instance of the <see cref="T:Jellyfin.Plugin.JellyNext.Services.ContentCacheService"/> class.
            </summary>
            <param name="logger">The logger.</param>
        </member>
        <member name="M:Jellyfin.Plugin.JellyNext.Services.ContentCacheService.GetCachedContent(System.Guid,System.String)">
            <summary>
            Gets cached content for a user and provider.
            </summary>
            <param name="userId">The user ID.</param>
            <param name="providerName">The provider name.</param>
            <returns>Cached content items, or empty if not cached or expired.</returns>
        </member>
        <member name="M:Jellyfin.Plugin.JellyNext.Services.ContentCacheService.UpdateCache(System.Guid,System.String,System.Collections.Generic.IReadOnlyList{Jellyfin.Plugin.JellyNext.Models.Common.ContentItem})">
            <summary>
            Updates the cache for a user and provider.
            </summary>
            <param name="userId">The user ID.</param>
            <param name="providerName">The provider name.</param>
            <param name="items">The content items to cache.</param>
        </member>
        <member name="M:Jellyfin.Plugin.JellyNext.Services.ContentCacheService.ClearUserCache(System.Guid)">
            <summary>
            Clears the cache for a specific user.
            </summary>
            <param name="userId">The user ID.</param>
        </member>
        <member name="M:Jellyfin.Plugin.JellyNext.Services.ContentCacheService.ClearAllCache">
            <summary>
            Clears all cached content.
            </summary>
        </member>
        <member name="M:Jellyfin.Plugin.JellyNext.Services.ContentCacheService.GetAllUserContent(System.Guid)">
            <summary>
            Gets all cached content for a user across all providers.
            </summary>
            <param name="userId">The user ID.</param>
            <returns>Dictionary of provider name to content items.</returns>
        </member>
        <member name="T:Jellyfin.Plugin.JellyNext.Services.ContentSyncService">
            <summary>
            Service for syncing content from all registered providers.
            </summary>
        </member>
        <member name="M:Jellyfin.Plugin.JellyNext.Services.ContentSyncService.#ctor(Microsoft.Extensions.Logging.ILogger{Jellyfin.Plugin.JellyNext.Services.ContentSyncService},Jellyfin.Plugin.JellyNext.Services.ContentCacheService,Jellyfin.Plugin.JellyNext.Services.EndedShowsCacheService,System.Collections.Generic.IEnumerable{Jellyfin.Plugin.JellyNext.Providers.IContentProvider})">
            <summary>
            Initializes a new instance of the <see cref="T:Jellyfin.Plugin.JellyNext.Services.ContentSyncService"/> class.
            </summary>
            <param name="logger">The logger.</param>
            <param name="cacheService">The cache service.</param>
            <param name="endedShowsCache">The ended shows cache service.</param>
            <param name="providers">The collection of content providers.</param>
        </member>
        <member name="M:Jellyfin.Plugin.JellyNext.Services.ContentSyncService.SyncAllAsync(System.Threading.CancellationToken)">
            <summary>
            Syncs content for all users and all providers.
            </summary>
            <param name="cancellationToken">Cancellation token.</param>
            <returns>A task representing the async operation.</returns>
        </member>
        <member name="M:Jellyfin.Plugin.JellyNext.Services.ContentSyncService.SyncUserAsync(System.Guid,System.Threading.CancellationToken)">
            <summary>
            Syncs content for a specific user across all providers.
            </summary>
            <param name="userId">The user ID.</param>
            <param name="cancellationToken">Cancellation token.</param>
            <returns>A task representing the async operation.</returns>
        </member>
        <member name="M:Jellyfin.Plugin.JellyNext.Services.ContentSyncService.SyncProviderAsync(System.Guid,Jellyfin.Plugin.JellyNext.Providers.IContentProvider,System.Threading.CancellationToken)">
            <summary>
            Syncs content for a specific user and provider.
            </summary>
            <param name="userId">The user ID.</param>
            <param name="provider">The content provider.</param>
            <param name="cancellationToken">Cancellation token.</param>
            <returns>A task representing the async operation.</returns>
        </member>
        <member name="M:Jellyfin.Plugin.JellyNext.Services.ContentSyncService.GetProviders">
            <summary>
            Gets all registered providers.
            </summary>
            <returns>Collection of content providers.</returns>
        </member>
        <member name="M:Jellyfin.Plugin.JellyNext.Services.ContentSyncService.GetProvider(System.String)">
            <summary>
            Gets a specific provider by name.
            </summary>
            <param name="providerName">The provider name.</param>
            <returns>The provider, or null if not found.</returns>
        </member>
        <member name="T:Jellyfin.Plugin.JellyNext.Services.EndedShowsCacheService">
            <summary>
            Service for caching ended/canceled shows metadata that never expires.
            Used to avoid re-querying Trakt for shows that have completed and won't have new seasons.
            </summary>
        </member>
        <member name="M:Jellyfin.Plugin.JellyNext.Services.EndedShowsCacheService.#ctor(Microsoft.Extensions.Logging.ILogger{Jellyfin.Plugin.JellyNext.Services.EndedShowsCacheService})">
            <summary>
            Initializes a new instance of the <see cref="T:Jellyfin.Plugin.JellyNext.Services.EndedShowsCacheService"/> class.
            </summary>
            <param name="logger">The logger.</param>
        </member>
        <member name="M:Jellyfin.Plugin.JellyNext.Services.EndedShowsCacheService.IsShowEnded(System.Int32)">
            <summary>
            Checks if a show is marked as ended/canceled in the cache.
            </summary>
            <param name="tvdbId">The TVDB ID of the show.</param>
            <returns>True if the show is ended/canceled and cached, false otherwise.</returns>
        </member>
        <member name="M:Jellyfin.Plugin.JellyNext.Services.EndedShowsCacheService.GetEndedShow(System.Int32)">
            <summary>
            Gets metadata for an ended/canceled show.
            </summary>
            <param name="tvdbId">The TVDB ID of the show.</param>
            <returns>Ended/canceled show metadata if found and not expired, null otherwise.</returns>
        </member>
        <member name="M:Jellyfin.Plugin.JellyNext.Services.EndedShowsCacheService.AddEndedShow(System.Int32,Jellyfin.Plugin.JellyNext.Models.Common.EndedShowMetadata)">
            <summary>
            Adds or updates an ended/canceled show in the cache.
            </summary>
            <param name="tvdbId">The TVDB ID of the show.</param>
            <param name="metadata">The show metadata.</param>
        </member>
        <member name="M:Jellyfin.Plugin.JellyNext.Services.EndedShowsCacheService.MarkShowAsEnded(Jellyfin.Plugin.JellyNext.Models.Trakt.TraktShow,System.Int32)">
            <summary>
            Marks a show as ended/canceled in the cache.
            </summary>
            <param name="show">The Trakt show.</param>
            <param name="lastSeasonWatched">The last season watched by any user.</param>
        </member>
        <member name="M:Jellyfin.Plugin.JellyNext.Services.EndedShowsCacheService.RemoveEndedShow(System.Int32)">
            <summary>
            Removes a show from the ended/canceled shows cache (e.g., if it gets renewed).
            </summary>
            <param name="tvdbId">The TVDB ID of the show.</param>
        </member>
        <member name="M:Jellyfin.Plugin.JellyNext.Services.EndedShowsCacheService.GetAllEndedShows">
            <summary>
            Gets all ended/canceled shows in the cache.
            </summary>
            <returns>Dictionary of TVDB ID to ended/canceled show metadata.</returns>
        </member>
        <member name="M:Jellyfin.Plugin.JellyNext.Services.EndedShowsCacheService.ClearCache">
            <summary>
            Clears the entire ended/canceled shows cache.
            </summary>
        </member>
        <member name="M:Jellyfin.Plugin.JellyNext.Services.EndedShowsCacheService.GetCachedCount">
            <summary>
            Gets the count of ended/canceled shows in the cache.
            </summary>
            <returns>Number of ended/canceled shows cached.</returns>
        </member>
        <member name="M:Jellyfin.Plugin.JellyNext.Services.EndedShowsCacheService.RemoveExpiredShows">
            <summary>
            Removes expired shows from the cache based on configured expiration days.
            </summary>
            <returns>Number of expired shows removed.</returns>
        </member>
        <member name="T:Jellyfin.Plugin.JellyNext.Services.LocalLibraryService">
            <summary>
            Service for querying the local Jellyfin library.
            </summary>
        </member>
        <member name="M:Jellyfin.Plugin.JellyNext.Services.LocalLibraryService.#ctor(Microsoft.Extensions.Logging.ILogger{Jellyfin.Plugin.JellyNext.Services.LocalLibraryService},MediaBrowser.Controller.Library.ILibraryManager)">
            <summary>
            Initializes a new instance of the <see cref="T:Jellyfin.Plugin.JellyNext.Services.LocalLibraryService"/> class.
            </summary>
            <param name="logger">The logger.</param>
            <param name="libraryManager">The library manager.</param>
        </member>
        <member name="M:Jellyfin.Plugin.JellyNext.Services.LocalLibraryService.FindSeriesByTvdbId(System.Int32)">
            <summary>
            Finds a TV series in the local library by TVDB ID.
            </summary>
            <param name="tvdbId">The TVDB ID.</param>
            <returns>The series if found, null otherwise.</returns>
        </member>
        <member name="M:Jellyfin.Plugin.JellyNext.Services.LocalLibraryService.GetLocalSeasons(MediaBrowser.Controller.Entities.TV.Series)">
            <summary>
            Gets the season numbers that exist locally for a series.
            </summary>
            <param name="series">The series.</param>
            <returns>Set of season numbers that exist locally.</returns>
        </member>
        <member name="M:Jellyfin.Plugin.JellyNext.Services.LocalLibraryService.DoesSeasonExist(System.Int32,System.Int32)">
            <summary>
            Checks if a specific season exists locally for a series.
            </summary>
            <param name="tvdbId">The TVDB ID of the series.</param>
            <param name="seasonNumber">The season number to check.</param>
            <returns>True if the season exists locally, false otherwise.</returns>
        </member>
        <member name="T:Jellyfin.Plugin.JellyNext.Services.PlaybackInterceptor">
            <summary>
            Service that intercepts playback of virtual items and triggers downloads.
            </summary>
        </member>
        <member name="M:Jellyfin.Plugin.JellyNext.Services.PlaybackInterceptor.#ctor(Microsoft.Extensions.Logging.ILogger{Jellyfin.Plugin.JellyNext.Services.PlaybackInterceptor},MediaBrowser.Controller.Session.ISessionManager,Jellyfin.Plugin.JellyNext.Services.RadarrService,Jellyfin.Plugin.JellyNext.Services.SonarrService,Jellyfin.Plugin.JellyNext.Services.ContentCacheService,MediaBrowser.Controller.Library.IUserDataManager,MediaBrowser.Controller.Library.IUserManager)">
            <summary>
            Initializes a new instance of the <see cref="T:Jellyfin.Plugin.JellyNext.Services.PlaybackInterceptor"/> class.
            </summary>
            <param name="logger">The logger.</param>
            <param name="sessionManager">The session manager.</param>
            <param name="radarrService">The Radarr service.</param>
            <param name="sonarrService">The Sonarr service.</param>
            <param name="cacheService">The content cache service.</param>
            <param name="userDataManager">The user data manager.</param>
            <param name="userManager">The user manager.</param>
        </member>
        <member name="M:Jellyfin.Plugin.JellyNext.Services.PlaybackInterceptor.StartAsync(System.Threading.CancellationToken)">
            <inheritdoc/>
        </member>
        <member name="M:Jellyfin.Plugin.JellyNext.Services.PlaybackInterceptor.StopAsync(System.Threading.CancellationToken)">
            <inheritdoc/>
        </member>
        <member name="T:Jellyfin.Plugin.JellyNext.Services.RadarrService">
            <summary>
            Service for interacting with the Radarr API.
            </summary>
        </member>
        <member name="M:Jellyfin.Plugin.JellyNext.Services.RadarrService.#ctor(Microsoft.Extensions.Logging.ILogger{Jellyfin.Plugin.JellyNext.Services.RadarrService},System.Net.Http.IHttpClientFactory)">
            <summary>
            Initializes a new instance of the <see cref="T:Jellyfin.Plugin.JellyNext.Services.RadarrService"/> class.
            </summary>
            <param name="logger">The logger.</param>
            <param name="httpClientFactory">The HTTP client factory.</param>
        </member>
        <member name="M:Jellyfin.Plugin.JellyNext.Services.RadarrService.TestConnectionAsync(System.String,System.String)">
            <summary>
            Tests the connection to Radarr and retrieves available profiles and folders.
            </summary>
            <param name="radarrUrl">The Radarr URL.</param>
            <param name="apiKey">The Radarr API key.</param>
            <returns>A test connection response with profiles and folders if successful.</returns>
        </member>
        <member name="M:Jellyfin.Plugin.JellyNext.Services.RadarrService.AddMovieAsync(System.Int32,System.String,System.Int32)">
            <summary>
            Adds a movie to Radarr.
            </summary>
            <param name="tmdbId">The TMDB ID of the movie.</param>
            <param name="title">The movie title.</param>
            <param name="year">The movie year.</param>
            <returns>The added movie if successful, null otherwise.</returns>
        </member>
        <member name="M:Jellyfin.Plugin.JellyNext.Services.RadarrService.CreateRadarrClient(System.String,System.String)">
            <summary>
            Creates an HTTP client configured for Radarr API.
            </summary>
            <param name="radarrUrl">The Radarr URL.</param>
            <param name="apiKey">The Radarr API key.</param>
            <returns>A configured HTTP client.</returns>
        </member>
        <member name="T:Jellyfin.Plugin.JellyNext.Services.SonarrService">
            <summary>
            Service for interacting with the Sonarr API.
            </summary>
        </member>
        <member name="M:Jellyfin.Plugin.JellyNext.Services.SonarrService.#ctor(Microsoft.Extensions.Logging.ILogger{Jellyfin.Plugin.JellyNext.Services.SonarrService},System.Net.Http.IHttpClientFactory)">
            <summary>
            Initializes a new instance of the <see cref="T:Jellyfin.Plugin.JellyNext.Services.SonarrService"/> class.
            </summary>
            <param name="logger">The logger.</param>
            <param name="httpClientFactory">The HTTP client factory.</param>
        </member>
        <member name="M:Jellyfin.Plugin.JellyNext.Services.SonarrService.TestConnectionAsync(System.String,System.String)">
            <summary>
            Tests the connection to Sonarr and retrieves available profiles and folders.
            </summary>
            <param name="sonarrUrl">The Sonarr URL.</param>
            <param name="apiKey">The Sonarr API key.</param>
            <returns>A test connection response with profiles and folders if successful.</returns>
        </member>
        <member name="M:Jellyfin.Plugin.JellyNext.Services.SonarrService.AddSeriesAsync(System.Int32,System.String,System.Nullable{System.Int32},System.Int32,System.Boolean)">
            <summary>
            Adds a series to Sonarr with specific season monitoring.
            </summary>
            <param name="tvdbId">The TVDB ID of the series.</param>
            <param name="title">The series title.</param>
            <param name="year">The series year.</param>
            <param name="seasonNumber">The season number to monitor (downloads only this season).</param>
            <param name="isAnime">Whether the series is anime (uses anime root folder).</param>
            <returns>The added series if successful, null otherwise.</returns>
        </member>
        <member name="M:Jellyfin.Plugin.JellyNext.Services.SonarrService.CreateSonarrClient(System.String,System.String)">
            <summary>
            Creates an HTTP client configured for Sonarr API.
            </summary>
            <param name="sonarrUrl">The Sonarr URL.</param>
            <param name="apiKey">The Sonarr API key.</param>
            <returns>A configured HTTP client.</returns>
        </member>
        <member name="T:Jellyfin.Plugin.JellyNext.Services.TraktApi">
            <summary>
            Service for interacting with the Trakt API.
            </summary>
        </member>
        <member name="M:Jellyfin.Plugin.JellyNext.Services.TraktApi.#ctor(Microsoft.Extensions.Logging.ILogger{Jellyfin.Plugin.JellyNext.Services.TraktApi},System.Net.Http.IHttpClientFactory)">
            <summary>
            Initializes a new instance of the <see cref="T:Jellyfin.Plugin.JellyNext.Services.TraktApi"/> class.
            </summary>
            <param name="logger">The logger.</param>
            <param name="httpClientFactory">The HTTP client factory.</param>
        </member>
        <member name="M:Jellyfin.Plugin.JellyNext.Services.TraktApi.AuthorizeDevice(Jellyfin.Plugin.JellyNext.Models.Trakt.TraktUser)">
            <summary>
            Initiates the OAuth device authorization flow.
            </summary>
            <param name="traktUser">The Trakt user configuration.</param>
            <returns>The user code to display to the user.</returns>
        </member>
        <member name="M:Jellyfin.Plugin.JellyNext.Services.TraktApi.PollForAccessToken(Jellyfin.Plugin.JellyNext.Models.Trakt.TraktDeviceCode,Jellyfin.Plugin.JellyNext.Models.Trakt.TraktUser)">
            <summary>
            Polls Trakt for access token completion.
            </summary>
            <param name="deviceCode">The device code from the initial authorization.</param>
            <param name="traktUser">The Trakt user configuration.</param>
            <returns>True if authorization succeeded, false otherwise.</returns>
        </member>
        <member name="M:Jellyfin.Plugin.JellyNext.Services.TraktApi.RefreshUserAccessToken(Jellyfin.Plugin.JellyNext.Models.Trakt.TraktUser)">
            <summary>
            Refreshes the user's access token using the refresh token.
            </summary>
            <param name="traktUser">The Trakt user configuration.</param>
            <returns>A task representing the asynchronous operation.</returns>
        </member>
        <member name="M:Jellyfin.Plugin.JellyNext.Services.TraktApi.EnsureValidAccessToken(Jellyfin.Plugin.JellyNext.Models.Trakt.TraktUser)">
            <summary>
            Ensures the user's access token is valid, refreshing if necessary.
            </summary>
            <param name="traktUser">The Trakt user configuration.</param>
            <returns>A task representing the asynchronous operation.</returns>
        </member>
        <member name="M:Jellyfin.Plugin.JellyNext.Services.TraktApi.CreateTraktClient(Jellyfin.Plugin.JellyNext.Models.Trakt.TraktUser)">
            <summary>
            Creates an HTTP client with proper Trakt API headers.
            </summary>
            <param name="traktUser">The Trakt user configuration (optional, for authenticated requests).</param>
            <returns>Configured HTTP client.</returns>
        </member>
        <member name="M:Jellyfin.Plugin.JellyNext.Services.TraktApi.GetMovieRecommendations(Jellyfin.Plugin.JellyNext.Models.Trakt.TraktUser,System.Boolean,System.Boolean,System.Int32)">
            <summary>
            Gets personalized movie recommendations for a user.
            </summary>
            <param name="traktUser">The Trakt user configuration.</param>
            <param name="ignoreCollected">Whether to ignore collected movies.</param>
            <param name="ignoreWatchlisted">Whether to ignore watchlisted movies.</param>
            <param name="limit">Maximum number of recommendations to return (default: 10, max: 100).</param>
            <returns>List of recommended movies.</returns>
        </member>
        <member name="M:Jellyfin.Plugin.JellyNext.Services.TraktApi.GetShowRecommendations(Jellyfin.Plugin.JellyNext.Models.Trakt.TraktUser,System.Boolean,System.Boolean,System.Int32)">
            <summary>
            Gets personalized show recommendations for a user.
            </summary>
            <param name="traktUser">The Trakt user configuration.</param>
            <param name="ignoreCollected">Whether to ignore collected shows.</param>
            <param name="ignoreWatchlisted">Whether to ignore watchlisted shows.</param>
            <param name="limit">Maximum number of recommendations to return (default: 10, max: 100).</param>
            <returns>List of recommended shows.</returns>
        </member>
        <member name="M:Jellyfin.Plugin.JellyNext.Services.TraktApi.GetWatchedShows(Jellyfin.Plugin.JellyNext.Models.Trakt.TraktUser)">
            <summary>
            Gets the user's watched shows with season/episode progress.
            </summary>
            <param name="traktUser">The Trakt user configuration.</param>
            <returns>List of watched shows with progress information.</returns>
        </member>
        <member name="M:Jellyfin.Plugin.JellyNext.Services.TraktApi.GetShowSeasons(Jellyfin.Plugin.JellyNext.Models.Trakt.TraktUser,System.Int32)">
            <summary>
            Gets all seasons for a show by Trakt ID.
            </summary>
            <param name="traktUser">The Trakt user configuration.</param>
            <param name="traktId">The Trakt show ID.</param>
            <returns>List of seasons for the show.</returns>
        </member>
        <member name="T:Jellyfin.Plugin.JellyNext.VirtualLibrary.VirtualLibraryContentType">
            <summary>
            Types of virtual library content.
            </summary>
        </member>
        <member name="F:Jellyfin.Plugin.JellyNext.VirtualLibrary.VirtualLibraryContentType.MoviesRecommendations">
            <summary>
            Trakt movie recommendations.
            </summary>
        </member>
        <member name="F:Jellyfin.Plugin.JellyNext.VirtualLibrary.VirtualLibraryContentType.ShowsRecommendations">
            <summary>
            Trakt show recommendations.
            </summary>
        </member>
        <member name="F:Jellyfin.Plugin.JellyNext.VirtualLibrary.VirtualLibraryContentType.WatchlistMovies">
            <summary>
            Trakt movie watchlist.
            </summary>
        </member>
        <member name="F:Jellyfin.Plugin.JellyNext.VirtualLibrary.VirtualLibraryContentType.WatchlistShows">
            <summary>
            Trakt show watchlist.
            </summary>
        </member>
        <member name="F:Jellyfin.Plugin.JellyNext.VirtualLibrary.VirtualLibraryContentType.ShowsNextSeasons">
            <summary>
            Next seasons of watched shows.
            </summary>
        </member>
        <member name="T:Jellyfin.Plugin.JellyNext.VirtualLibrary.VirtualLibraryContentTypeHelper">
            <summary>
            Helper methods for virtual library content types.
            </summary>
        </member>
        <member name="M:Jellyfin.Plugin.JellyNext.VirtualLibrary.VirtualLibraryContentTypeHelper.GetDirectoryName(Jellyfin.Plugin.JellyNext.VirtualLibrary.VirtualLibraryContentType)">
            <summary>
            Gets the directory name for a content type.
            </summary>
            <param name="contentType">The content type.</param>
            <returns>The directory name (e.g., "movies_recommendations").</returns>
        </member>
        <member name="M:Jellyfin.Plugin.JellyNext.VirtualLibrary.VirtualLibraryContentTypeHelper.GetProviderName(Jellyfin.Plugin.JellyNext.VirtualLibrary.VirtualLibraryContentType)">
            <summary>
            Gets the provider name for a content type.
            </summary>
            <param name="contentType">The content type.</param>
            <returns>The provider name (e.g., "recommendations").</returns>
        </member>
        <member name="M:Jellyfin.Plugin.JellyNext.VirtualLibrary.VirtualLibraryContentTypeHelper.GetDisplayName(Jellyfin.Plugin.JellyNext.VirtualLibrary.VirtualLibraryContentType)">
            <summary>
            Gets the display name for a content type.
            </summary>
            <param name="contentType">The content type.</param>
            <returns>The display name (e.g., "Movie Recommendations").</returns>
        </member>
        <member name="M:Jellyfin.Plugin.JellyNext.VirtualLibrary.VirtualLibraryContentTypeHelper.GetMediaType(Jellyfin.Plugin.JellyNext.VirtualLibrary.VirtualLibraryContentType)">
            <summary>
            Gets the media type (Movies or Shows) for a content type.
            </summary>
            <param name="contentType">The content type.</param>
            <returns>"Movies" or "Shows".</returns>
        </member>
        <member name="M:Jellyfin.Plugin.JellyNext.VirtualLibrary.VirtualLibraryContentTypeHelper.TryParseDirectoryName(System.String,Jellyfin.Plugin.JellyNext.VirtualLibrary.VirtualLibraryContentType@)">
            <summary>
            Tries to parse a directory name to a content type.
            </summary>
            <param name="directoryName">The directory name.</param>
            <param name="contentType">The parsed content type.</param>
            <returns>True if successful, false otherwise.</returns>
        </member>
        <member name="T:Jellyfin.Plugin.JellyNext.VirtualLibrary.VirtualLibraryCreator">
            <summary>
            Initializes the JellyNext virtual library on plugin startup.
            </summary>
        </member>
        <member name="M:Jellyfin.Plugin.JellyNext.VirtualLibrary.VirtualLibraryCreator.#ctor(Jellyfin.Plugin.JellyNext.VirtualLibrary.VirtualLibraryManager,Microsoft.Extensions.Logging.ILogger{Jellyfin.Plugin.JellyNext.VirtualLibrary.VirtualLibraryCreator})">
            <summary>
            Initializes a new instance of the <see cref="T:Jellyfin.Plugin.JellyNext.VirtualLibrary.VirtualLibraryCreator"/> class.
            </summary>
            <param name="libraryManager">The virtual library manager.</param>
            <param name="logger">The logger.</param>
        </member>
        <member name="M:Jellyfin.Plugin.JellyNext.VirtualLibrary.VirtualLibraryCreator.Initialize">
            <summary>
            Initializes the virtual library.
            </summary>
        </member>
        <member name="T:Jellyfin.Plugin.JellyNext.VirtualLibrary.VirtualLibraryManager">
            <summary>
            Manages the virtual library by creating stub files for recommendations.
            </summary>
        </member>
        <member name="M:Jellyfin.Plugin.JellyNext.VirtualLibrary.VirtualLibraryManager.#ctor(Jellyfin.Plugin.JellyNext.Services.ContentCacheService,Microsoft.Extensions.Logging.ILogger{Jellyfin.Plugin.JellyNext.VirtualLibrary.VirtualLibraryManager})">
            <summary>
            Initializes a new instance of the <see cref="T:Jellyfin.Plugin.JellyNext.VirtualLibrary.VirtualLibraryManager"/> class.
            </summary>
            <param name="cacheService">The content cache service.</param>
            <param name="logger">The logger.</param>
        </member>
        <member name="M:Jellyfin.Plugin.JellyNext.VirtualLibrary.VirtualLibraryManager.Initialize">
            <summary>
            Initializes the virtual library directory.
            </summary>
        </member>
        <member name="M:Jellyfin.Plugin.JellyNext.VirtualLibrary.VirtualLibraryManager.RefreshStubFiles">
            <summary>
            Refreshes stub files based on current cached recommendations for all users.
            </summary>
        </member>
        <member name="M:Jellyfin.Plugin.JellyNext.VirtualLibrary.VirtualLibraryManager.RefreshStubFilesForUser(System.Guid,Jellyfin.Plugin.JellyNext.VirtualLibrary.VirtualLibraryContentType)">
            <summary>
            Refreshes stub files for a specific user and content type.
            </summary>
            <param name="userId">The user ID.</param>
            <param name="contentType">The content type.</param>
        </member>
        <member name="M:Jellyfin.Plugin.JellyNext.VirtualLibrary.VirtualLibraryManager.GetVirtualLibraryPath">
            <summary>
            Gets the virtual library path.
            </summary>
            <returns>The path to the virtual library folder.</returns>
        </member>
        <member name="M:Jellyfin.Plugin.JellyNext.VirtualLibrary.VirtualLibraryManager.GetUserLibraryPath(System.Guid,Jellyfin.Plugin.JellyNext.VirtualLibrary.VirtualLibraryContentType)">
            <summary>
            Gets the library path for a specific user and content type.
            </summary>
            <param name="userId">The user ID.</param>
            <param name="contentType">The content type.</param>
            <returns>The full path to the user's content type directory.</returns>
        </member>
        <member name="M:Jellyfin.Plugin.JellyNext.VirtualLibrary.VirtualLibraryManager.InitializeUserDirectories(System.Guid)">
            <summary>
            Initializes directories for a new user immediately.
            </summary>
            <param name="userId">The user ID.</param>
        </member>
        <member name="M:Jellyfin.Plugin.JellyNext.VirtualLibrary.VirtualLibraryManager.GetLibrarySetupInstructions">
            <summary>
            Gets setup instructions for all users.
            </summary>
            <returns>Dictionary mapping user IDs to library paths and instructions.</returns>
        </member>
    </members>
</doc>
