{
    "category": "General",
    "changelog": "- [7e72620] #16 replace all index lookup with TryGetValue\n- [567ee5d] keep a copy of empty result as it never changes",
    "description": "This is a plugin that try to use Meilisearch to speedup the search of jellyfin. Inspired by Jellysearch\n",
    "guid": "974395db-b31d-46a2-bc86-ef9aa5ac04dd",
    "imageUrl": "https://raw.githubusercontent.com/meilisearch/meilisearch/refs/heads/main/assets/meilisearch-logo-dark.svg",
    "name": "Meilisearch",
    "overview": "A Meilisearch Plugin for Jellyfin",
    "owner": "a.sac.",
    "targetAbi": "10.9.0.0",
    "timestamp": "2025-03-13T19:14:28Z",
    "version": "1.10.2.2"
}