{
    "category": "Subtitles",
    "changelog": "- Don't dispose the static rate limiter (#173) @crobibero",
    "description": "Download subtitles from the internet to use with your media files. (Requires configuration)",
    "guid": "4b9ed42f-5185-48b5-9803-6ff2989014c4",
    "imageUrl": "https://repo.jellyfin.org/releases/plugin/images/jellyfin-plugin-opensubtitles.png",
    "name": "Open Subtitles",
    "overview": "Download subtitles for your media",
    "owner": "jellyfin",
    "targetAbi": "10.11.0.0",
    "timestamp": "2025-10-22T00:19:50Z",
    "version": "22.0.0.0"
}