{
    "category": "General",
    "changelog": "- restore video transcoding (#68) @flashka07\n- Update dependency Microsoft.AspNetCore.Authorization to v8.0.8 (#54) @renovate\n- Set publisher uri to http (#62) @disgustipated\n- Remove . from friendlyname for identifying LG TVs (#60) @disgustipated",
    "description": "Adds DLNA capability to Jellyfin\n",
    "guid": "33eba9cd-7da1-4720-967f-dd7dae7b74a1",
    "imageUrl": "",
    "name": "DLNA",
    "overview": "DLNA Service",
    "owner": "jellyfin",
    "targetAbi": "10.9.10.0",
    "timestamp": "2024-09-02T17:22:12Z",
    "version": "3.0.0.0"
}