{
    "category": "General",
    "changelog": "- Fixes for 10.10 (#84) @crobibero\n- Standardize bind IPs in ssdp and dlnahost (#82) @disgustipated\n- Revert lg profile friendly name (#77) @disgustipated\n- Add baseurl to descriptoruri (#75) @disgustipated\n\n### Dependency updates ###\n- Update dotnet monorepo (#79) @renovate",
    "description": "Adds DLNA capability to Jellyfin\n",
    "guid": "33eba9cd-7da1-4720-967f-dd7dae7b74a1",
    "imageUrl": "",
    "name": "DLNA",
    "overview": "DLNA Service",
    "owner": "jellyfin",
    "targetAbi": "10.10.0.0",
    "timestamp": "2024-10-27T13:15:22Z",
    "version": "4.0.0.0"
}