{
    "category": "General",
    "changelog": "Maintenance\n  - Revert back to custom MusicBrainz client to avoid dependency conflicts (#89 @lyarenei)\n",
    "description": "A plugin to send your music listening activity on Jellyfin to ListenBrainz.\n",
    "guid": "59b20823-aafe-454c-a393-17427f518631",
    "name": "ListenBrainz",
    "overview": "Track your music habits with ListenBrainz.",
    "owner": "lyarenei",
    "targetAbi": "10.8.0.0",
    "timestamp": "2024-02-23T19:52:46Z",
    "version": "3.4.1.0"
}