{
    "category": "General",
    "changelog": "Hotfix for the recent v2 release. Larger update out soon. |1- - Fixed incorrect season detection when using AniList metadata provider - Fixed anime save location test error on Windows - Fixed multiple logging errors",
    "description": "Synchronize anime watch status between Jellyfin and anime tracking sites.\n",
    "guid": "c78f11cf-93e6-4423-8c42-d2c255b70e47",
    "name": "Ani-Sync",
    "overview": "Synchronize anime watch status",
    "owner": "vosmiic",
    "targetAbi": "10.8.0.0",
    "timestamp": "2022-06-11T12:07:59Z",
    "version": "2.0.1.0"
}