{
    "category": "Metadata",
    "changelog": "- Simplify Series Handling in Missing Episode Provider (#151) @scampower3\n- Use official instead of default (#149) @scampower3\n\n### Bug Fixes ###\n- Fix Specials being added during season refresh when IncludeMissingSpecials is disabled (#152) @scampower3\n- Set DeleteFileLocation = false (#153) @scampower3\n- Fix Language mapping for unique cases (#145) @scampower3\n- Get season id according to selected display order. (#147) @scampower3",
    "description": "Get TV metadata from TheTvdb\n",
    "guid": "a677c0da-fac5-4cde-941a-7134223f14c8",
    "imageUrl": "https://repo.jellyfin.org/releases/plugin/images/jellyfin-plugin-tvdb.png",
    "name": "TheTVDB",
    "overview": "Get TV metadata from TheTvdb",
    "owner": "jellyfin",
    "targetAbi": "10.9.5.0",
    "timestamp": "2024-06-06T12:49:14Z",
    "version": "13.0.0.0"
}