{
    "category": "Notifications",
    "changelog": "- Fix test badge typo (#257) @RyanMelena\n- Fix test status badge (#256) @RyanMelena\n- Make \"Original Aspect Ratio\" property available to WebHooks (#249) @RyanMelena\n\n### Breaking changes ###\n- Allow smtp connection without SSL (#258) @RyanMelena\n\n### Bug Fixes ###\n- Allow smtp connection without SSL (#258) @RyanMelena\n\n### Dependency updates ###\n- chore(deps): update dependency mailkit to v4.7.0 (#174) @renovate\n- chore(deps): update dependency mqttnet.extensions.managedclient to v4.3.6.1152 (#246) @renovate",
    "description": "Sends notifications to destinations via webhooks.\n",
    "guid": "71552a5a-5c5c-4350-a2ae-ebe451a30173",
    "imageUrl": "https://repo.jellyfin.org/releases/plugin/images/jellyfin-plugin-webhook.png",
    "name": "Webhook",
    "overview": "Sends notifications.",
    "owner": "jellyfin",
    "targetAbi": "10.9.7.0",
    "timestamp": "2024-10-26T18:18:20Z",
    "version": "15.0.0.0"
}