{
    "category": "General",
    "changelog": "- Target Jellyfin 10.11 ABI and fix broken API.\n- Update \"More Like This\" trailer selection.\n",
    "description": "Enable Cinema Mode with local trailers and pre-rolls.\n",
    "guid": "5fcefe1b-df1f-4596-ac57-f2f939c294c5",
    "imageUrl": "https://github.com/CherryFloors/jellyfin-plugin-cinemamode/raw/main/Jellyfin.Plugin.CinemaMode/Images/jellyfin-plugin-cinemamode.png",
    "name": "Cinema Mode",
    "overview": "Enable Cinema Mode with local trailers and pre-rolls.",
    "owner": "CherryFloors",
    "targetAbi": "10.11.0.0",
    "timestamp": "2025-10-25T00:04:04.332083",
    "version": "0.6.0.0"
}