{
    "category": "Metadata",
    "changelog": "- Support for retreiving Person metadata (#75) @HansLehnert\n\n### Dependency updates ###\n- Update dotnet monorepo to 8.0.1 (#80) @renovate",
    "description": "AniList metadata provider\n",
    "guid": "1bd22884-44be-40f3-ad95-fc4a7834ba2c",
    "imageUrl": "https://repo.jellyfin.org/releases/plugin/images/jellyfin-plugin-anilist.png",
    "name": "AniList",
    "overview": "AniList metadata provider",
    "owner": "jellyfin",
    "targetAbi": "10.10.0.0",
    "timestamp": "2024-10-26T18:44:42Z",
    "version": "10.0.0.0"
}