{
    "category": "General",
    "changelog": "Old plays should be checked first (NicolaSmaniotto) Add option to allow deletion of items played before being added (luigidotmoe)\n",
    "description": "Keep your storage clean without hassle. Works with movies and series.\n",
    "guid": "607fee77-97eb-41fe-bf22-26844d99ffb0",
    "name": "Media Cleaner",
    "overview": "Delete played media after specified time",
    "owner": "shemanaev",
    "targetAbi": "10.9.0.0",
    "timestamp": "2025-05-25T18:13:08Z",
    "version": "2.20.0.0"
}