{
    "category": "Music",
    "changelog": "- Jellyfin 10.11 support (#29) @crobibero\n- Update settings page (#30) @thornbill\n\n### Bug Fixes ###\n- Restore manual search for new items (#27) @abrain",
    "description": "Get Music Video metadata from IMVDb\n",
    "guid": "e29621a5-fa9e-4330-982e-ef6e54c0cad2",
    "name": "IMVDb",
    "overview": "Get Music Video metadata from IMVDb",
    "owner": "jellyfin",
    "targetAbi": "10.11.0.0",
    "timestamp": "2025-10-20T01:27:01Z",
    "version": "5.0.0.0"
}