{
    "category": "General",
    "changelog": "- Major code refactoring. - Database updates for new available Tags. - Catch all for any missed tags in newsletter output. - Alert for \"Test mail\" button. - Minor bug fix post 0.6.3.0 release FULL CHANGELOG: https://raw.githubusercontent.com/Cloud9Developer/Jellyfin-Newsletter-Plugin/master/CHANGELOG.md\n",
    "description": "This plugin automacially scans a users library (default every 4 hours), populates a list of recently added (not previously scanned) media, converts that data into HTML format, and sends out emails to a provided list of recipients.",
    "guid": "60f478ab-2dd6-4ea0-af10-04d033f75979",
    "imageUrl": "https://raw.githubusercontent.com/Cloud9Developer/Jellyfin-Newsletter-Plugin/master/logo.png",
    "name": "Newsletters",
    "overview": "Send newsletters for recently added media",
    "owner": "jellyfin",
    "targetAbi": "10.9.0.0",
    "timestamp": "2024-05-19T05:17:53Z",
    "version": "0.6.4.2"
}